,Year,State,Mean,LL,UL,Percent Vaccinated
0,2007.0,Alabama,1.0,0.0,0.0,67.3
1,2007.0,Alabama,0.0,1.0,0.0,59.9
2,2007.0,Alabama,0.0,0.0,1.0,73.9
3,2008.0,Alabama,1.0,0.0,0.0,67.2
4,2008.0,Alabama,0.0,1.0,0.0,60.4
5,2008.0,Alabama,0.0,0.0,1.0,73.3
6,2009.0,Alabama,1.0,0.0,0.0,47.3
7,2009.0,Alabama,0.0,1.0,0.0,39.1
8,2009.0,Alabama,0.0,0.0,1.0,55.6
9,2010.0,Alabama,1.0,0.0,0.0,58.2
10,2010.0,Alabama,0.0,1.0,0.0,52.0
11,2010.0,Alabama,0.0,0.0,1.0,64.1
12,2011.0,Alabama,1.0,0.0,0.0,68.8
13,2011.0,Alabama,0.0,1.0,0.0,62.4
14,2011.0,Alabama,0.0,0.0,1.0,74.5
15,2012.0,Alabama,1.0,0.0,0.0,71.3
16,2012.0,Alabama,0.0,1.0,0.0,64.0
17,2012.0,Alabama,0.0,0.0,1.0,77.7
18,2013.0,Alabama,1.0,0.0,0.0,77.0
19,2013.0,Alabama,0.0,1.0,0.0,68.3
20,2013.0,Alabama,0.0,0.0,1.0,83.9
21,2014.0,Alabama,1.0,0.0,0.0,76.9
22,2014.0,Alabama,0.0,1.0,0.0,67.6
23,2014.0,Alabama,0.0,0.0,1.0,84.2
24,2015.0,Alabama,1.0,0.0,0.0,70.6
25,2015.0,Alabama,0.0,1.0,0.0,63.0
26,2015.0,Alabama,0.0,0.0,1.0,77.2
27,2016.0,Alabama,1.0,0.0,0.0,77.3
28,2016.0,Alabama,0.0,1.0,0.0,69.7
29,2016.0,Alabama,0.0,0.0,1.0,83.4
30,2007.0,Alaska,1.0,0.0,0.0,64.4
31,2007.0,Alaska,0.0,1.0,0.0,56.8
32,2007.0,Alaska,0.0,0.0,1.0,71.3
33,2008.0,Alaska,1.0,0.0,0.0,63.4
34,2008.0,Alaska,0.0,1.0,0.0,56.0
35,2008.0,Alaska,0.0,0.0,1.0,70.2
36,2009.0,Alaska,1.0,0.0,0.0,53.3
37,2009.0,Alaska,0.0,1.0,0.0,45.0
38,2009.0,Alaska,0.0,0.0,1.0,61.5
39,2010.0,Alaska,1.0,0.0,0.0,58.4
40,2010.0,Alaska,0.0,1.0,0.0,51.5
41,2010.0,Alaska,0.0,0.0,1.0,65.0
42,2011.0,Alaska,1.0,0.0,0.0,64.7
43,2011.0,Alaska,0.0,1.0,0.0,57.1
44,2011.0,Alaska,0.0,0.0,1.0,71.6
45,2012.0,Alaska,1.0,0.0,0.0,59.5
46,2012.0,Alaska,0.0,1.0,0.0,52.5
47,2012.0,Alaska,0.0,0.0,1.0,66.1
48,2013.0,Alaska,1.0,0.0,0.0,63.9
49,2013.0,Alaska,0.0,1.0,0.0,56.9
50,2013.0,Alaska,0.0,0.0,1.0,70.4
51,2014.0,Alaska,1.0,0.0,0.0,67.3
52,2014.0,Alaska,0.0,1.0,0.0,59.8
53,2014.0,Alaska,0.0,0.0,1.0,74.1
54,2015.0,Alaska,1.0,0.0,0.0,66.3
55,2015.0,Alaska,0.0,1.0,0.0,59.9
56,2015.0,Alaska,0.0,0.0,1.0,72.3
57,2016.0,Alaska,1.0,0.0,0.0,68.8
58,2016.0,Alaska,0.0,1.0,0.0,62.2
59,2016.0,Alaska,0.0,0.0,1.0,74.8
60,2007.0,Arizona,1.0,0.0,0.0,66.1
61,2007.0,Arizona,0.0,1.0,0.0,58.5
62,2007.0,Arizona,0.0,0.0,1.0,72.9
63,2008.0,Arizona,1.0,0.0,0.0,69.1
64,2008.0,Arizona,0.0,1.0,0.0,62.1
65,2008.0,Arizona,0.0,0.0,1.0,75.4
66,2009.0,Arizona,1.0,0.0,0.0,36.7
67,2009.0,Arizona,0.0,1.0,0.0,30.5
68,2009.0,Arizona,0.0,0.0,1.0,43.3
69,2010.0,Arizona,1.0,0.0,0.0,56.0
70,2010.0,Arizona,0.0,1.0,0.0,49.2
71,2010.0,Arizona,0.0,0.0,1.0,62.6
72,2011.0,Arizona,1.0,0.0,0.0,60.4
73,2011.0,Arizona,0.0,1.0,0.0,51.1
74,2011.0,Arizona,0.0,0.0,1.0,69.0
75,2012.0,Arizona,1.0,0.0,0.0,67.5
76,2012.0,Arizona,0.0,1.0,0.0,59.6
77,2012.0,Arizona,0.0,0.0,1.0,74.6
78,2013.0,Arizona,1.0,0.0,0.0,65.1
79,2013.0,Arizona,0.0,1.0,0.0,57.0
80,2013.0,Arizona,0.0,0.0,1.0,72.3
81,2014.0,Arizona,1.0,0.0,0.0,66.1
82,2014.0,Arizona,0.0,1.0,0.0,57.7
83,2014.0,Arizona,0.0,0.0,1.0,73.6
84,2015.0,Arizona,1.0,0.0,0.0,72.3
85,2015.0,Arizona,0.0,1.0,0.0,65.2
86,2015.0,Arizona,0.0,0.0,1.0,78.5
87,2016.0,Arizona,1.0,0.0,0.0,69.9
88,2016.0,Arizona,0.0,1.0,0.0,61.5
89,2016.0,Arizona,0.0,0.0,1.0,77.2
90,2007.0,Arkansas,1.0,0.0,0.0,57.4
91,2007.0,Arkansas,0.0,1.0,0.0,50.8
92,2007.0,Arkansas,0.0,0.0,1.0,63.8
93,2008.0,Arkansas,1.0,0.0,0.0,64.9
94,2008.0,Arkansas,0.0,1.0,0.0,57.9
95,2008.0,Arkansas,0.0,0.0,1.0,71.4
96,2009.0,Arkansas,1.0,0.0,0.0,34.4
97,2009.0,Arkansas,0.0,1.0,0.0,28.3
98,2009.0,Arkansas,0.0,0.0,1.0,41.0
99,2010.0,Arkansas,1.0,0.0,0.0,56.3
100,2010.0,Arkansas,0.0,1.0,0.0,49.2
101,2010.0,Arkansas,0.0,0.0,1.0,63.2
102,2011.0,Arkansas,1.0,0.0,0.0,66.0
103,2011.0,Arkansas,0.0,1.0,0.0,58.2
104,2011.0,Arkansas,0.0,0.0,1.0,73.0
105,2012.0,Arkansas,1.0,0.0,0.0,66.4
106,2012.0,Arkansas,0.0,1.0,0.0,58.4
107,2012.0,Arkansas,0.0,0.0,1.0,73.6
108,2013.0,Arkansas,1.0,0.0,0.0,57.1
109,2013.0,Arkansas,0.0,1.0,0.0,48.1
110,2013.0,Arkansas,0.0,0.0,1.0,65.6
111,2014.0,Arkansas,1.0,0.0,0.0,66.0
112,2014.0,Arkansas,0.0,1.0,0.0,57.3
113,2014.0,Arkansas,0.0,0.0,1.0,73.7
114,2015.0,Arkansas,1.0,0.0,0.0,66.6
115,2015.0,Arkansas,0.0,1.0,0.0,58.8
116,2015.0,Arkansas,0.0,0.0,1.0,73.6
117,2016.0,Arkansas,1.0,0.0,0.0,67.8
118,2016.0,Arkansas,0.0,1.0,0.0,59.7
119,2016.0,Arkansas,0.0,0.0,1.0,74.9
120,2007.0,California,1.0,0.0,0.0,67.7
121,2007.0,California,0.0,1.0,0.0,62.0
122,2007.0,California,0.0,0.0,1.0,72.9
123,2008.0,California,1.0,0.0,0.0,70.5
124,2008.0,California,0.0,1.0,0.0,65.6
125,2008.0,California,0.0,0.0,1.0,74.9
126,2009.0,California,1.0,0.0,0.0,49.9
127,2009.0,California,0.0,1.0,0.0,43.7
128,2009.0,California,0.0,0.0,1.0,56.1
129,2010.0,California,1.0,0.0,0.0,54.1
130,2010.0,California,0.0,1.0,0.0,47.4
131,2010.0,California,0.0,0.0,1.0,60.7
132,2011.0,California,1.0,0.0,0.0,70.1
133,2011.0,California,0.0,1.0,0.0,64.3
134,2011.0,California,0.0,0.0,1.0,75.4
135,2012.0,California,1.0,0.0,0.0,66.8
136,2012.0,California,0.0,1.0,0.0,58.9
137,2012.0,California,0.0,0.0,1.0,73.8
138,2013.0,California,1.0,0.0,0.0,69.3
139,2013.0,California,0.0,1.0,0.0,61.0
140,2013.0,California,0.0,0.0,1.0,76.5
141,2014.0,California,1.0,0.0,0.0,77.9
142,2014.0,California,0.0,1.0,0.0,70.3
143,2014.0,California,0.0,0.0,1.0,84.0
144,2015.0,California,1.0,0.0,0.0,75.0
145,2015.0,California,0.0,1.0,0.0,67.5
146,2015.0,California,0.0,0.0,1.0,81.3
147,2016.0,California,1.0,0.0,0.0,65.3
148,2016.0,California,0.0,1.0,0.0,56.5
149,2016.0,California,0.0,0.0,1.0,73.2
150,2007.0,Colorado,1.0,0.0,0.0,64.3
151,2007.0,Colorado,0.0,1.0,0.0,54.8
152,2007.0,Colorado,0.0,0.0,1.0,72.9
153,2008.0,Colorado,1.0,0.0,0.0,74.3
154,2008.0,Colorado,0.0,1.0,0.0,66.4
155,2008.0,Colorado,0.0,0.0,1.0,80.8
156,2009.0,Colorado,1.0,0.0,0.0,46.9
157,2009.0,Colorado,0.0,1.0,0.0,38.3
158,2009.0,Colorado,0.0,0.0,1.0,55.7
159,2010.0,Colorado,1.0,0.0,0.0,56.2
160,2010.0,Colorado,0.0,1.0,0.0,49.1
161,2010.0,Colorado,0.0,0.0,1.0,63.1
162,2011.0,Colorado,1.0,0.0,0.0,65.7
163,2011.0,Colorado,0.0,1.0,0.0,56.5
164,2011.0,Colorado,0.0,0.0,1.0,73.8
165,2012.0,Colorado,1.0,0.0,0.0,71.7
166,2012.0,Colorado,0.0,1.0,0.0,63.2
167,2012.0,Colorado,0.0,0.0,1.0,78.9
168,2013.0,Colorado,1.0,0.0,0.0,69.2
169,2013.0,Colorado,0.0,1.0,0.0,61.9
170,2013.0,Colorado,0.0,0.0,1.0,75.6
171,2014.0,Colorado,1.0,0.0,0.0,72.8
172,2014.0,Colorado,0.0,1.0,0.0,66.0
173,2014.0,Colorado,0.0,0.0,1.0,78.6
174,2015.0,Colorado,1.0,0.0,0.0,75.4
175,2015.0,Colorado,0.0,1.0,0.0,68.6
176,2015.0,Colorado,0.0,0.0,1.0,81.0
177,2016.0,Colorado,1.0,0.0,0.0,76.4
178,2016.0,Colorado,0.0,1.0,0.0,68.2
179,2016.0,Colorado,0.0,0.0,1.0,83.0
180,2007.0,Connecticut,1.0,0.0,0.0,81.2
181,2007.0,Connecticut,0.0,1.0,0.0,74.5
182,2007.0,Connecticut,0.0,0.0,1.0,86.4
183,2008.0,Connecticut,1.0,0.0,0.0,66.0
184,2008.0,Connecticut,0.0,1.0,0.0,58.3
185,2008.0,Connecticut,0.0,0.0,1.0,73.0
186,2009.0,Connecticut,1.0,0.0,0.0,34.4
187,2009.0,Connecticut,0.0,1.0,0.0,25.5
188,2009.0,Connecticut,0.0,0.0,1.0,44.5
189,2010.0,Connecticut,1.0,0.0,0.0,57.9
190,2010.0,Connecticut,0.0,1.0,0.0,49.8
191,2010.0,Connecticut,0.0,0.0,1.0,65.6
192,2011.0,Connecticut,1.0,0.0,0.0,74.6
193,2011.0,Connecticut,0.0,1.0,0.0,68.8
194,2011.0,Connecticut,0.0,0.0,1.0,79.7
195,2012.0,Connecticut,1.0,0.0,0.0,77.1
196,2012.0,Connecticut,0.0,1.0,0.0,70.9
197,2012.0,Connecticut,0.0,0.0,1.0,82.3
198,2013.0,Connecticut,1.0,0.0,0.0,78.2
199,2013.0,Connecticut,0.0,1.0,0.0,70.6
200,2013.0,Connecticut,0.0,0.0,1.0,84.2
201,2014.0,Connecticut,1.0,0.0,0.0,73.0
202,2014.0,Connecticut,0.0,1.0,0.0,64.7
203,2014.0,Connecticut,0.0,0.0,1.0,79.9
204,2015.0,Connecticut,1.0,0.0,0.0,80.6
205,2015.0,Connecticut,0.0,1.0,0.0,73.9
206,2015.0,Connecticut,0.0,0.0,1.0,85.9
207,2016.0,Connecticut,1.0,0.0,0.0,75.7
208,2016.0,Connecticut,0.0,1.0,0.0,68.0
209,2016.0,Connecticut,0.0,0.0,1.0,82.0
210,2007.0,Delaware,1.0,0.0,0.0,68.6
211,2007.0,Delaware,0.0,1.0,0.0,61.5
212,2007.0,Delaware,0.0,0.0,1.0,74.9
213,2008.0,Delaware,1.0,0.0,0.0,63.9
214,2008.0,Delaware,0.0,1.0,0.0,56.6
215,2008.0,Delaware,0.0,0.0,1.0,70.6
216,2009.0,Delaware,1.0,0.0,0.0,38.9
217,2009.0,Delaware,0.0,1.0,0.0,32.1
218,2009.0,Delaware,0.0,0.0,1.0,46.2
219,2010.0,Delaware,1.0,0.0,0.0,54.3
220,2010.0,Delaware,0.0,1.0,0.0,48.0
221,2010.0,Delaware,0.0,0.0,1.0,60.4
222,2011.0,Delaware,1.0,0.0,0.0,63.5
223,2011.0,Delaware,0.0,1.0,0.0,56.2
224,2011.0,Delaware,0.0,0.0,1.0,70.2
225,2012.0,Delaware,1.0,0.0,0.0,72.6
226,2012.0,Delaware,0.0,1.0,0.0,65.4
227,2012.0,Delaware,0.0,0.0,1.0,78.7
228,2013.0,Delaware,1.0,0.0,0.0,71.8
229,2013.0,Delaware,0.0,1.0,0.0,64.7
230,2013.0,Delaware,0.0,0.0,1.0,77.9
231,2014.0,Delaware,1.0,0.0,0.0,74.5
232,2014.0,Delaware,0.0,1.0,0.0,67.1
233,2014.0,Delaware,0.0,0.0,1.0,80.8
234,2015.0,Delaware,1.0,0.0,0.0,79.3
235,2015.0,Delaware,0.0,1.0,0.0,72.5
236,2015.0,Delaware,0.0,0.0,1.0,84.7
237,2016.0,Delaware,1.0,0.0,0.0,78.1
238,2016.0,Delaware,0.0,1.0,0.0,71.1
239,2016.0,Delaware,0.0,0.0,1.0,83.8
240,2007.0,District of Columbia,1.0,0.0,0.0,71.0
241,2007.0,District of Columbia,0.0,1.0,0.0,63.8
242,2007.0,District of Columbia,0.0,0.0,1.0,77.2
243,2008.0,District of Columbia,1.0,0.0,0.0,68.8
244,2008.0,District of Columbia,0.0,1.0,0.0,61.4
245,2008.0,District of Columbia,0.0,0.0,1.0,75.3
246,2009.0,District of Columbia,1.0,0.0,0.0,48.3
247,2009.0,District of Columbia,0.0,1.0,0.0,41.2
248,2009.0,District of Columbia,0.0,0.0,1.0,55.5
249,2010.0,District of Columbia,1.0,0.0,0.0,66.2
250,2010.0,District of Columbia,0.0,1.0,0.0,58.1
251,2010.0,District of Columbia,0.0,0.0,1.0,73.5
252,2011.0,District of Columbia,1.0,0.0,0.0,73.1
253,2011.0,District of Columbia,0.0,1.0,0.0,66.5
254,2011.0,District of Columbia,0.0,0.0,1.0,78.8
255,2012.0,District of Columbia,1.0,0.0,0.0,73.4
256,2012.0,District of Columbia,0.0,1.0,0.0,66.7
257,2012.0,District of Columbia,0.0,0.0,1.0,79.2
258,2013.0,District of Columbia,1.0,0.0,0.0,76.9
259,2013.0,District of Columbia,0.0,1.0,0.0,68.9
260,2013.0,District of Columbia,0.0,0.0,1.0,83.4
261,2014.0,District of Columbia,1.0,0.0,0.0,71.1
262,2014.0,District of Columbia,0.0,1.0,0.0,63.1
263,2014.0,District of Columbia,0.0,0.0,1.0,78.1
264,2015.0,District of Columbia,1.0,0.0,0.0,76.3
265,2015.0,District of Columbia,0.0,1.0,0.0,69.8
266,2015.0,District of Columbia,0.0,0.0,1.0,81.8
267,2016.0,District of Columbia,1.0,0.0,0.0,68.2
268,2016.0,District of Columbia,0.0,1.0,0.0,61.0
269,2016.0,District of Columbia,0.0,0.0,1.0,74.6
270,2007.0,Florida,1.0,0.0,0.0,61.8
271,2007.0,Florida,0.0,1.0,0.0,54.8
272,2007.0,Florida,0.0,0.0,1.0,68.3
273,2008.0,Florida,1.0,0.0,0.0,71.0
274,2008.0,Florida,0.0,1.0,0.0,65.2
275,2008.0,Florida,0.0,0.0,1.0,76.2
276,2009.0,Florida,1.0,0.0,0.0,49.0
277,2009.0,Florida,0.0,1.0,0.0,42.4
278,2009.0,Florida,0.0,0.0,1.0,55.6
279,2010.0,Florida,1.0,0.0,0.0,68.2
280,2010.0,Florida,0.0,1.0,0.0,60.9
281,2010.0,Florida,0.0,0.0,1.0,74.6
282,2011.0,Florida,1.0,0.0,0.0,66.7
283,2011.0,Florida,0.0,1.0,0.0,59.6
284,2011.0,Florida,0.0,0.0,1.0,73.1
285,2012.0,Florida,1.0,0.0,0.0,68.6
286,2012.0,Florida,0.0,1.0,0.0,60.6
287,2012.0,Florida,0.0,0.0,1.0,75.6
288,2013.0,Florida,1.0,0.0,0.0,70.0
289,2013.0,Florida,0.0,1.0,0.0,60.7
290,2013.0,Florida,0.0,0.0,1.0,78.0
291,2014.0,Florida,1.0,0.0,0.0,72.7
292,2014.0,Florida,0.0,1.0,0.0,63.2
293,2014.0,Florida,0.0,0.0,1.0,80.5
294,2015.0,Florida,1.0,0.0,0.0,66.6
295,2015.0,Florida,0.0,1.0,0.0,59.1
296,2015.0,Florida,0.0,0.0,1.0,73.4
297,2016.0,Florida,1.0,0.0,0.0,67.1
298,2016.0,Florida,0.0,1.0,0.0,58.2
299,2016.0,Florida,0.0,0.0,1.0,74.9
300,2007.0,Georgia,1.0,0.0,0.0,65.9
301,2007.0,Georgia,0.0,1.0,0.0,58.4
302,2007.0,Georgia,0.0,0.0,1.0,72.8
303,2008.0,Georgia,1.0,0.0,0.0,67.4
304,2008.0,Georgia,0.0,1.0,0.0,60.0
305,2008.0,Georgia,0.0,0.0,1.0,74.1
306,2009.0,Georgia,1.0,0.0,0.0,45.8
307,2009.0,Georgia,0.0,1.0,0.0,38.6
308,2009.0,Georgia,0.0,0.0,1.0,53.2
309,2010.0,Georgia,1.0,0.0,0.0,49.6
310,2010.0,Georgia,0.0,1.0,0.0,42.7
311,2010.0,Georgia,0.0,0.0,1.0,56.5
312,2011.0,Georgia,1.0,0.0,0.0,69.5
313,2011.0,Georgia,0.0,1.0,0.0,62.6
314,2011.0,Georgia,0.0,0.0,1.0,75.6
315,2012.0,Georgia,1.0,0.0,0.0,74.7
316,2012.0,Georgia,0.0,1.0,0.0,67.4
317,2012.0,Georgia,0.0,0.0,1.0,80.9
318,2013.0,Georgia,1.0,0.0,0.0,69.8
319,2013.0,Georgia,0.0,1.0,0.0,59.3
320,2013.0,Georgia,0.0,0.0,1.0,78.6
321,2014.0,Georgia,1.0,0.0,0.0,74.0
322,2014.0,Georgia,0.0,1.0,0.0,65.8
323,2014.0,Georgia,0.0,0.0,1.0,80.9
324,2015.0,Georgia,1.0,0.0,0.0,75.6
325,2015.0,Georgia,0.0,1.0,0.0,68.3
326,2015.0,Georgia,0.0,0.0,1.0,81.7
327,2016.0,Georgia,1.0,0.0,0.0,77.3
328,2016.0,Georgia,0.0,1.0,0.0,70.7
329,2016.0,Georgia,0.0,0.0,1.0,82.7
330,2007.0,Hawaii,1.0,0.0,0.0,77.4
331,2007.0,Hawaii,0.0,1.0,0.0,70.8
332,2007.0,Hawaii,0.0,0.0,1.0,82.9
333,2008.0,Hawaii,1.0,0.0,0.0,74.4
334,2008.0,Hawaii,0.0,1.0,0.0,67.0
335,2008.0,Hawaii,0.0,0.0,1.0,80.7
336,2009.0,Hawaii,1.0,0.0,0.0,46.7
337,2009.0,Hawaii,0.0,1.0,0.0,39.2
338,2009.0,Hawaii,0.0,0.0,1.0,54.4
339,2010.0,Hawaii,1.0,0.0,0.0,63.7
340,2010.0,Hawaii,0.0,1.0,0.0,57.1
341,2010.0,Hawaii,0.0,0.0,1.0,69.9
342,2011.0,Hawaii,1.0,0.0,0.0,74.8
343,2011.0,Hawaii,0.0,1.0,0.0,67.0
344,2011.0,Hawaii,0.0,0.0,1.0,81.3
345,2012.0,Hawaii,1.0,0.0,0.0,80.2
346,2012.0,Hawaii,0.0,1.0,0.0,74.0
347,2012.0,Hawaii,0.0,0.0,1.0,85.1
348,2013.0,Hawaii,1.0,0.0,0.0,66.5
349,2013.0,Hawaii,0.0,1.0,0.0,57.8
350,2013.0,Hawaii,0.0,0.0,1.0,74.1
351,2014.0,Hawaii,1.0,0.0,0.0,73.7
352,2014.0,Hawaii,0.0,1.0,0.0,66.7
353,2014.0,Hawaii,0.0,0.0,1.0,79.7
354,2015.0,Hawaii,1.0,0.0,0.0,73.8
355,2015.0,Hawaii,0.0,1.0,0.0,67.1
356,2015.0,Hawaii,0.0,0.0,1.0,79.6
357,2016.0,Hawaii,1.0,0.0,0.0,75.1
358,2016.0,Hawaii,0.0,1.0,0.0,68.5
359,2016.0,Hawaii,0.0,0.0,1.0,80.7
360,2007.0,Idaho,1.0,0.0,0.0,52.9
361,2007.0,Idaho,0.0,1.0,0.0,45.3
362,2007.0,Idaho,0.0,0.0,1.0,60.5
363,2008.0,Idaho,1.0,0.0,0.0,54.2
364,2008.0,Idaho,0.0,1.0,0.0,47.5
365,2008.0,Idaho,0.0,0.0,1.0,60.8
366,2009.0,Idaho,1.0,0.0,0.0,33.6
367,2009.0,Idaho,0.0,1.0,0.0,26.8
368,2009.0,Idaho,0.0,0.0,1.0,41.1
369,2010.0,Idaho,1.0,0.0,0.0,42.6
370,2010.0,Idaho,0.0,1.0,0.0,36.0
371,2010.0,Idaho,0.0,0.0,1.0,49.5
372,2011.0,Idaho,1.0,0.0,0.0,58.1
373,2011.0,Idaho,0.0,1.0,0.0,49.5
374,2011.0,Idaho,0.0,0.0,1.0,66.1
375,2012.0,Idaho,1.0,0.0,0.0,63.0
376,2012.0,Idaho,0.0,1.0,0.0,54.5
377,2012.0,Idaho,0.0,0.0,1.0,70.8
378,2013.0,Idaho,1.0,0.0,0.0,70.2
379,2013.0,Idaho,0.0,1.0,0.0,62.9
380,2013.0,Idaho,0.0,0.0,1.0,76.6
381,2014.0,Idaho,1.0,0.0,0.0,65.9
382,2014.0,Idaho,0.0,1.0,0.0,57.5
383,2014.0,Idaho,0.0,0.0,1.0,73.4
384,2015.0,Idaho,1.0,0.0,0.0,71.6
385,2015.0,Idaho,0.0,1.0,0.0,64.4
386,2015.0,Idaho,0.0,0.0,1.0,77.9
387,2016.0,Idaho,1.0,0.0,0.0,73.9
388,2016.0,Idaho,0.0,1.0,0.0,66.7
389,2016.0,Idaho,0.0,0.0,1.0,80.0
390,2007.0,Illinois,1.0,0.0,0.0,65.8
391,2007.0,Illinois,0.0,1.0,0.0,60.6
392,2007.0,Illinois,0.0,0.0,1.0,70.7
393,2008.0,Illinois,1.0,0.0,0.0,65.0
394,2008.0,Illinois,0.0,1.0,0.0,59.8
395,2008.0,Illinois,0.0,0.0,1.0,69.9
396,2009.0,Illinois,1.0,0.0,0.0,53.7
397,2009.0,Illinois,0.0,1.0,0.0,47.9
398,2009.0,Illinois,0.0,0.0,1.0,59.5
399,2010.0,Illinois,1.0,0.0,0.0,59.5
400,2010.0,Illinois,0.0,1.0,0.0,53.9
401,2010.0,Illinois,0.0,0.0,1.0,64.9
402,2011.0,Illinois,1.0,0.0,0.0,66.3
403,2011.0,Illinois,0.0,1.0,0.0,60.4
404,2011.0,Illinois,0.0,0.0,1.0,71.7
405,2012.0,Illinois,1.0,0.0,0.0,68.5
406,2012.0,Illinois,0.0,1.0,0.0,63.4
407,2012.0,Illinois,0.0,0.0,1.0,73.2
408,2013.0,Illinois,1.0,0.0,0.0,66.8
409,2013.0,Illinois,0.0,1.0,0.0,61.4
410,2013.0,Illinois,0.0,0.0,1.0,71.9
411,2014.0,Illinois,1.0,0.0,0.0,68.3
412,2014.0,Illinois,0.0,1.0,0.0,62.4
413,2014.0,Illinois,0.0,0.0,1.0,73.6
414,2015.0,Illinois,1.0,0.0,0.0,70.8
415,2015.0,Illinois,0.0,1.0,0.0,65.9
416,2015.0,Illinois,0.0,0.0,1.0,75.3
417,2016.0,Illinois,1.0,0.0,0.0,71.5
418,2016.0,Illinois,0.0,1.0,0.0,66.5
419,2016.0,Illinois,0.0,0.0,1.0,76.0
420,2007.0,Indiana,1.0,0.0,0.0,61.8
421,2007.0,Indiana,0.0,1.0,0.0,56.3
422,2007.0,Indiana,0.0,0.0,1.0,66.9
423,2008.0,Indiana,1.0,0.0,0.0,70.3
424,2008.0,Indiana,0.0,1.0,0.0,63.4
425,2008.0,Indiana,0.0,0.0,1.0,76.4
426,2009.0,Indiana,1.0,0.0,0.0,43.4
427,2009.0,Indiana,0.0,1.0,0.0,37.2
428,2009.0,Indiana,0.0,0.0,1.0,49.9
429,2010.0,Indiana,1.0,0.0,0.0,58.2
430,2010.0,Indiana,0.0,1.0,0.0,51.9
431,2010.0,Indiana,0.0,0.0,1.0,64.3
432,2011.0,Indiana,1.0,0.0,0.0,66.4
433,2011.0,Indiana,0.0,1.0,0.0,59.7
434,2011.0,Indiana,0.0,0.0,1.0,72.6
435,2012.0,Indiana,1.0,0.0,0.0,61.4
436,2012.0,Indiana,0.0,1.0,0.0,53.8
437,2012.0,Indiana,0.0,0.0,1.0,68.4
438,2013.0,Indiana,1.0,0.0,0.0,68.5
439,2013.0,Indiana,0.0,1.0,0.0,61.5
440,2013.0,Indiana,0.0,0.0,1.0,74.8
441,2014.0,Indiana,1.0,0.0,0.0,66.3
442,2014.0,Indiana,0.0,1.0,0.0,58.8
443,2014.0,Indiana,0.0,0.0,1.0,73.0
444,2015.0,Indiana,1.0,0.0,0.0,74.7
445,2015.0,Indiana,0.0,1.0,0.0,67.0
446,2015.0,Indiana,0.0,0.0,1.0,81.0
447,2016.0,Indiana,1.0,0.0,0.0,68.8
448,2016.0,Indiana,0.0,1.0,0.0,61.6
449,2016.0,Indiana,0.0,0.0,1.0,75.3
450,2007.0,Iowa,1.0,0.0,0.0,64.2
451,2007.0,Iowa,0.0,1.0,0.0,57.0
452,2007.0,Iowa,0.0,0.0,1.0,70.8
453,2008.0,Iowa,1.0,0.0,0.0,67.2
454,2008.0,Iowa,0.0,1.0,0.0,60.4
455,2008.0,Iowa,0.0,0.0,1.0,73.3
456,2009.0,Iowa,1.0,0.0,0.0,42.5
457,2009.0,Iowa,0.0,1.0,0.0,35.6
458,2009.0,Iowa,0.0,0.0,1.0,49.7
459,2010.0,Iowa,1.0,0.0,0.0,57.7
460,2010.0,Iowa,0.0,1.0,0.0,50.4
461,2010.0,Iowa,0.0,0.0,1.0,64.7
462,2011.0,Iowa,1.0,0.0,0.0,71.6
463,2011.0,Iowa,0.0,1.0,0.0,64.2
464,2011.0,Iowa,0.0,0.0,1.0,78.0
465,2012.0,Iowa,1.0,0.0,0.0,74.8
466,2012.0,Iowa,0.0,1.0,0.0,68.0
467,2012.0,Iowa,0.0,0.0,1.0,80.6
468,2013.0,Iowa,1.0,0.0,0.0,78.3
469,2013.0,Iowa,0.0,1.0,0.0,70.9
470,2013.0,Iowa,0.0,0.0,1.0,84.3
471,2014.0,Iowa,1.0,0.0,0.0,71.3
472,2014.0,Iowa,0.0,1.0,0.0,62.5
473,2014.0,Iowa,0.0,0.0,1.0,78.8
474,2015.0,Iowa,1.0,0.0,0.0,77.9
475,2015.0,Iowa,0.0,1.0,0.0,71.9
476,2015.0,Iowa,0.0,0.0,1.0,82.9
477,2016.0,Iowa,1.0,0.0,0.0,73.5
478,2016.0,Iowa,0.0,1.0,0.0,67.5
479,2016.0,Iowa,0.0,0.0,1.0,78.8
480,2007.0,Kansas,1.0,0.0,0.0,64.8
481,2007.0,Kansas,0.0,1.0,0.0,57.8
482,2007.0,Kansas,0.0,0.0,1.0,71.3
483,2008.0,Kansas,1.0,0.0,0.0,69.5
484,2008.0,Kansas,0.0,1.0,0.0,62.7
485,2008.0,Kansas,0.0,0.0,1.0,75.6
486,2009.0,Kansas,1.0,0.0,0.0,46.0
487,2009.0,Kansas,0.0,1.0,0.0,37.6
488,2009.0,Kansas,0.0,0.0,1.0,54.7
489,2010.0,Kansas,1.0,0.0,0.0,54.9
490,2010.0,Kansas,0.0,1.0,0.0,47.4
491,2010.0,Kansas,0.0,0.0,1.0,62.2
492,2011.0,Kansas,1.0,0.0,0.0,73.5
493,2011.0,Kansas,0.0,1.0,0.0,65.8
494,2011.0,Kansas,0.0,0.0,1.0,80.0
495,2012.0,Kansas,1.0,0.0,0.0,65.0
496,2012.0,Kansas,0.0,1.0,0.0,58.0
497,2012.0,Kansas,0.0,0.0,1.0,71.4
498,2013.0,Kansas,1.0,0.0,0.0,68.7
499,2013.0,Kansas,0.0,1.0,0.0,61.1
500,2013.0,Kansas,0.0,0.0,1.0,75.3
501,2014.0,Kansas,1.0,0.0,0.0,76.5
502,2014.0,Kansas,0.0,1.0,0.0,68.6
503,2014.0,Kansas,0.0,0.0,1.0,82.8
504,2015.0,Kansas,1.0,0.0,0.0,75.2
505,2015.0,Kansas,0.0,1.0,0.0,68.3
506,2015.0,Kansas,0.0,0.0,1.0,81.0
507,2016.0,Kansas,1.0,0.0,0.0,76.4
508,2016.0,Kansas,0.0,1.0,0.0,69.4
509,2016.0,Kansas,0.0,0.0,1.0,82.3
510,2007.0,Kentucky,1.0,0.0,0.0,63.3
511,2007.0,Kentucky,0.0,1.0,0.0,56.3
512,2007.0,Kentucky,0.0,0.0,1.0,69.7
513,2008.0,Kentucky,1.0,0.0,0.0,66.4
514,2008.0,Kentucky,0.0,1.0,0.0,59.4
515,2008.0,Kentucky,0.0,0.0,1.0,72.8
516,2009.0,Kentucky,1.0,0.0,0.0,43.4
517,2009.0,Kentucky,0.0,1.0,0.0,37.5
518,2009.0,Kentucky,0.0,0.0,1.0,49.4
519,2010.0,Kentucky,1.0,0.0,0.0,51.8
520,2010.0,Kentucky,0.0,1.0,0.0,45.2
521,2010.0,Kentucky,0.0,0.0,1.0,58.3
522,2011.0,Kentucky,1.0,0.0,0.0,77.6
523,2011.0,Kentucky,0.0,1.0,0.0,70.1
524,2011.0,Kentucky,0.0,0.0,1.0,83.6
525,2012.0,Kentucky,1.0,0.0,0.0,68.2
526,2012.0,Kentucky,0.0,1.0,0.0,61.3
527,2012.0,Kentucky,0.0,0.0,1.0,74.4
528,2013.0,Kentucky,1.0,0.0,0.0,72.7
529,2013.0,Kentucky,0.0,1.0,0.0,64.0
530,2013.0,Kentucky,0.0,0.0,1.0,79.9
531,2014.0,Kentucky,1.0,0.0,0.0,72.3
532,2014.0,Kentucky,0.0,1.0,0.0,63.9
533,2014.0,Kentucky,0.0,0.0,1.0,79.5
534,2015.0,Kentucky,1.0,0.0,0.0,73.0
535,2015.0,Kentucky,0.0,1.0,0.0,66.0
536,2015.0,Kentucky,0.0,0.0,1.0,79.1
537,2016.0,Kentucky,1.0,0.0,0.0,74.5
538,2016.0,Kentucky,0.0,1.0,0.0,66.8
539,2016.0,Kentucky,0.0,0.0,1.0,80.9
540,2007.0,Louisiana,1.0,0.0,0.0,66.9
541,2007.0,Louisiana,0.0,1.0,0.0,59.7
542,2007.0,Louisiana,0.0,0.0,1.0,73.3
543,2008.0,Louisiana,1.0,0.0,0.0,72.5
544,2008.0,Louisiana,0.0,1.0,0.0,66.4
545,2008.0,Louisiana,0.0,0.0,1.0,77.8
546,2009.0,Louisiana,1.0,0.0,0.0,53.7
547,2009.0,Louisiana,0.0,1.0,0.0,46.2
548,2009.0,Louisiana,0.0,0.0,1.0,60.9
549,2010.0,Louisiana,1.0,0.0,0.0,57.8
550,2010.0,Louisiana,0.0,1.0,0.0,49.9
551,2010.0,Louisiana,0.0,0.0,1.0,65.3
552,2011.0,Louisiana,1.0,0.0,0.0,69.6
553,2011.0,Louisiana,0.0,1.0,0.0,62.6
554,2011.0,Louisiana,0.0,0.0,1.0,75.9
555,2012.0,Louisiana,1.0,0.0,0.0,68.5
556,2012.0,Louisiana,0.0,1.0,0.0,61.0
557,2012.0,Louisiana,0.0,0.0,1.0,75.1
558,2013.0,Louisiana,1.0,0.0,0.0,69.1
559,2013.0,Louisiana,0.0,1.0,0.0,61.1
560,2013.0,Louisiana,0.0,0.0,1.0,76.0
561,2014.0,Louisiana,1.0,0.0,0.0,73.2
562,2014.0,Louisiana,0.0,1.0,0.0,65.6
563,2014.0,Louisiana,0.0,0.0,1.0,79.6
564,2015.0,Louisiana,1.0,0.0,0.0,70.8
565,2015.0,Louisiana,0.0,1.0,0.0,62.6
566,2015.0,Louisiana,0.0,0.0,1.0,77.8
567,2016.0,Louisiana,1.0,0.0,0.0,66.8
568,2016.0,Louisiana,0.0,1.0,0.0,59.4
569,2016.0,Louisiana,0.0,0.0,1.0,73.4
570,2007.0,Maine,1.0,0.0,0.0,67.0
571,2007.0,Maine,0.0,1.0,0.0,59.5
572,2007.0,Maine,0.0,0.0,1.0,73.7
573,2008.0,Maine,1.0,0.0,0.0,66.5
574,2008.0,Maine,0.0,1.0,0.0,60.0
575,2008.0,Maine,0.0,0.0,1.0,72.5
576,2009.0,Maine,1.0,0.0,0.0,37.6
577,2009.0,Maine,0.0,1.0,0.0,31.0
578,2009.0,Maine,0.0,0.0,1.0,44.7
579,2010.0,Maine,1.0,0.0,0.0,44.0
580,2010.0,Maine,0.0,1.0,0.0,36.5
581,2010.0,Maine,0.0,0.0,1.0,51.7
582,2011.0,Maine,1.0,0.0,0.0,69.0
583,2011.0,Maine,0.0,1.0,0.0,62.4
584,2011.0,Maine,0.0,0.0,1.0,74.8
585,2012.0,Maine,1.0,0.0,0.0,72.6
586,2012.0,Maine,0.0,1.0,0.0,65.5
587,2012.0,Maine,0.0,0.0,1.0,78.7
588,2013.0,Maine,1.0,0.0,0.0,68.0
589,2013.0,Maine,0.0,1.0,0.0,60.0
590,2013.0,Maine,0.0,0.0,1.0,75.0
591,2014.0,Maine,1.0,0.0,0.0,84.7
592,2014.0,Maine,0.0,1.0,0.0,79.0
593,2014.0,Maine,0.0,0.0,1.0,89.1
594,2015.0,Maine,1.0,0.0,0.0,71.8
595,2015.0,Maine,0.0,1.0,0.0,63.3
596,2015.0,Maine,0.0,0.0,1.0,79.0
597,2016.0,Maine,1.0,0.0,0.0,70.6
598,2016.0,Maine,0.0,1.0,0.0,63.8
599,2016.0,Maine,0.0,0.0,1.0,76.5
600,2007.0,Maryland,1.0,0.0,0.0,79.9
601,2007.0,Maryland,0.0,1.0,0.0,73.1
602,2007.0,Maryland,0.0,0.0,1.0,85.4
603,2008.0,Maryland,1.0,0.0,0.0,73.6
604,2008.0,Maryland,0.0,1.0,0.0,67.6
605,2008.0,Maryland,0.0,0.0,1.0,78.8
606,2009.0,Maryland,1.0,0.0,0.0,45.2
607,2009.0,Maryland,0.0,1.0,0.0,37.3
608,2009.0,Maryland,0.0,0.0,1.0,53.4
609,2010.0,Maryland,1.0,0.0,0.0,51.1
610,2010.0,Maryland,0.0,1.0,0.0,43.7
611,2010.0,Maryland,0.0,0.0,1.0,58.5
612,2011.0,Maryland,1.0,0.0,0.0,73.8
613,2011.0,Maryland,0.0,1.0,0.0,68.0
614,2011.0,Maryland,0.0,0.0,1.0,78.9
615,2012.0,Maryland,1.0,0.0,0.0,67.1
616,2012.0,Maryland,0.0,1.0,0.0,59.6
617,2012.0,Maryland,0.0,0.0,1.0,73.8
618,2013.0,Maryland,1.0,0.0,0.0,75.8
619,2013.0,Maryland,0.0,1.0,0.0,66.8
620,2013.0,Maryland,0.0,0.0,1.0,82.9
621,2014.0,Maryland,1.0,0.0,0.0,74.4
622,2014.0,Maryland,0.0,1.0,0.0,66.1
623,2014.0,Maryland,0.0,0.0,1.0,81.3
624,2015.0,Maryland,1.0,0.0,0.0,76.8
625,2015.0,Maryland,0.0,1.0,0.0,70.5
626,2015.0,Maryland,0.0,0.0,1.0,82.2
627,2016.0,Maryland,1.0,0.0,0.0,74.4
628,2016.0,Maryland,0.0,1.0,0.0,67.3
629,2016.0,Maryland,0.0,0.0,1.0,80.4
630,2007.0,Massachusetts,1.0,0.0,0.0,76.0
631,2007.0,Massachusetts,0.0,1.0,0.0,67.9
632,2007.0,Massachusetts,0.0,0.0,1.0,82.6
633,2008.0,Massachusetts,1.0,0.0,0.0,76.2
634,2008.0,Massachusetts,0.0,1.0,0.0,69.3
635,2008.0,Massachusetts,0.0,0.0,1.0,81.9
636,2009.0,Massachusetts,1.0,0.0,0.0,32.7
637,2009.0,Massachusetts,0.0,1.0,0.0,26.6
638,2009.0,Massachusetts,0.0,0.0,1.0,39.4
639,2010.0,Massachusetts,1.0,0.0,0.0,61.6
640,2010.0,Massachusetts,0.0,1.0,0.0,54.3
641,2010.0,Massachusetts,0.0,0.0,1.0,68.3
642,2011.0,Massachusetts,1.0,0.0,0.0,70.7
643,2011.0,Massachusetts,0.0,1.0,0.0,61.9
644,2011.0,Massachusetts,0.0,0.0,1.0,78.2
645,2012.0,Massachusetts,1.0,0.0,0.0,73.5
646,2012.0,Massachusetts,0.0,1.0,0.0,66.9
647,2012.0,Massachusetts,0.0,0.0,1.0,79.3
648,2013.0,Massachusetts,1.0,0.0,0.0,78.5
649,2013.0,Massachusetts,0.0,1.0,0.0,71.2
650,2013.0,Massachusetts,0.0,0.0,1.0,84.3
651,2014.0,Massachusetts,1.0,0.0,0.0,75.4
652,2014.0,Massachusetts,0.0,1.0,0.0,67.5
653,2014.0,Massachusetts,0.0,0.0,1.0,81.8
654,2015.0,Massachusetts,1.0,0.0,0.0,78.5
655,2015.0,Massachusetts,0.0,1.0,0.0,71.9
656,2015.0,Massachusetts,0.0,0.0,1.0,83.9
657,2016.0,Massachusetts,1.0,0.0,0.0,85.3
658,2016.0,Massachusetts,0.0,1.0,0.0,79.6
659,2016.0,Massachusetts,0.0,0.0,1.0,89.6
660,2007.0,Michigan,1.0,0.0,0.0,66.9
661,2007.0,Michigan,0.0,1.0,0.0,59.1
662,2007.0,Michigan,0.0,0.0,1.0,73.9
663,2008.0,Michigan,1.0,0.0,0.0,69.8
664,2008.0,Michigan,0.0,1.0,0.0,62.6
665,2008.0,Michigan,0.0,0.0,1.0,76.1
666,2009.0,Michigan,1.0,0.0,0.0,52.1
667,2009.0,Michigan,0.0,1.0,0.0,44.7
668,2009.0,Michigan,0.0,0.0,1.0,59.5
669,2010.0,Michigan,1.0,0.0,0.0,65.2
670,2010.0,Michigan,0.0,1.0,0.0,58.1
671,2010.0,Michigan,0.0,0.0,1.0,71.7
672,2011.0,Michigan,1.0,0.0,0.0,66.2
673,2011.0,Michigan,0.0,1.0,0.0,58.2
674,2011.0,Michigan,0.0,0.0,1.0,73.4
675,2012.0,Michigan,1.0,0.0,0.0,70.5
676,2012.0,Michigan,0.0,1.0,0.0,62.7
677,2012.0,Michigan,0.0,0.0,1.0,77.2
678,2013.0,Michigan,1.0,0.0,0.0,70.0
679,2013.0,Michigan,0.0,1.0,0.0,62.1
680,2013.0,Michigan,0.0,0.0,1.0,76.8
681,2014.0,Michigan,1.0,0.0,0.0,65.0
682,2014.0,Michigan,0.0,1.0,0.0,56.1
683,2014.0,Michigan,0.0,0.0,1.0,73.0
684,2015.0,Michigan,1.0,0.0,0.0,67.6
685,2015.0,Michigan,0.0,1.0,0.0,59.9
686,2015.0,Michigan,0.0,0.0,1.0,74.5
687,2016.0,Michigan,1.0,0.0,0.0,70.2
688,2016.0,Michigan,0.0,1.0,0.0,62.1
689,2016.0,Michigan,0.0,0.0,1.0,77.2
690,2007.0,Minnesota,1.0,0.0,0.0,72.8
691,2007.0,Minnesota,0.0,1.0,0.0,65.3
692,2007.0,Minnesota,0.0,0.0,1.0,79.2
693,2008.0,Minnesota,1.0,0.0,0.0,66.8
694,2008.0,Minnesota,0.0,1.0,0.0,60.8
695,2008.0,Minnesota,0.0,0.0,1.0,72.3
696,2009.0,Minnesota,1.0,0.0,0.0,41.9
697,2009.0,Minnesota,0.0,1.0,0.0,35.5
698,2009.0,Minnesota,0.0,0.0,1.0,48.6
699,2010.0,Minnesota,1.0,0.0,0.0,52.5
700,2010.0,Minnesota,0.0,1.0,0.0,45.1
701,2010.0,Minnesota,0.0,0.0,1.0,59.7
702,2011.0,Minnesota,1.0,0.0,0.0,72.0
703,2011.0,Minnesota,0.0,1.0,0.0,64.6
704,2011.0,Minnesota,0.0,0.0,1.0,78.4
705,2012.0,Minnesota,1.0,0.0,0.0,66.2
706,2012.0,Minnesota,0.0,1.0,0.0,58.2
707,2012.0,Minnesota,0.0,0.0,1.0,73.3
708,2013.0,Minnesota,1.0,0.0,0.0,74.1
709,2013.0,Minnesota,0.0,1.0,0.0,65.6
710,2013.0,Minnesota,0.0,0.0,1.0,81.2
711,2014.0,Minnesota,1.0,0.0,0.0,70.5
712,2014.0,Minnesota,0.0,1.0,0.0,61.0
713,2014.0,Minnesota,0.0,0.0,1.0,78.4
714,2015.0,Minnesota,1.0,0.0,0.0,73.2
715,2015.0,Minnesota,0.0,1.0,0.0,66.3
716,2015.0,Minnesota,0.0,0.0,1.0,79.1
717,2016.0,Minnesota,1.0,0.0,0.0,73.8
718,2016.0,Minnesota,0.0,1.0,0.0,66.3
719,2016.0,Minnesota,0.0,0.0,1.0,80.1
720,2007.0,Mississippi,1.0,0.0,0.0,61.2
721,2007.0,Mississippi,0.0,1.0,0.0,53.1
722,2007.0,Mississippi,0.0,0.0,1.0,68.7
723,2008.0,Mississippi,1.0,0.0,0.0,68.9
724,2008.0,Mississippi,0.0,1.0,0.0,62.0
725,2008.0,Mississippi,0.0,0.0,1.0,75.0
726,2009.0,Mississippi,1.0,0.0,0.0,59.2
727,2009.0,Mississippi,0.0,1.0,0.0,52.8
728,2009.0,Mississippi,0.0,0.0,1.0,65.2
729,2010.0,Mississippi,1.0,0.0,0.0,61.7
730,2010.0,Mississippi,0.0,1.0,0.0,55.5
731,2010.0,Mississippi,0.0,0.0,1.0,67.6
732,2011.0,Mississippi,1.0,0.0,0.0,67.8
733,2011.0,Mississippi,0.0,1.0,0.0,59.9
734,2011.0,Mississippi,0.0,0.0,1.0,74.8
735,2012.0,Mississippi,1.0,0.0,0.0,77.5
736,2012.0,Mississippi,0.0,1.0,0.0,69.8
737,2012.0,Mississippi,0.0,0.0,1.0,83.7
738,2013.0,Mississippi,1.0,0.0,0.0,74.6
739,2013.0,Mississippi,0.0,1.0,0.0,66.1
740,2013.0,Mississippi,0.0,0.0,1.0,81.5
741,2014.0,Mississippi,1.0,0.0,0.0,70.7
742,2014.0,Mississippi,0.0,1.0,0.0,61.2
743,2014.0,Mississippi,0.0,0.0,1.0,78.7
744,2015.0,Mississippi,1.0,0.0,0.0,70.6
745,2015.0,Mississippi,0.0,1.0,0.0,62.6
746,2015.0,Mississippi,0.0,0.0,1.0,77.6
747,2016.0,Mississippi,1.0,0.0,0.0,70.4
748,2016.0,Mississippi,0.0,1.0,0.0,62.8
749,2016.0,Mississippi,0.0,0.0,1.0,77.1
750,2007.0,Missouri,1.0,0.0,0.0,64.7
751,2007.0,Missouri,0.0,1.0,0.0,56.9
752,2007.0,Missouri,0.0,0.0,1.0,71.8
753,2008.0,Missouri,1.0,0.0,0.0,61.5
754,2008.0,Missouri,0.0,1.0,0.0,54.6
755,2008.0,Missouri,0.0,0.0,1.0,67.9
756,2009.0,Missouri,1.0,0.0,0.0,31.5
757,2009.0,Missouri,0.0,1.0,0.0,25.5
758,2009.0,Missouri,0.0,0.0,1.0,38.2
759,2010.0,Missouri,1.0,0.0,0.0,55.3
760,2010.0,Missouri,0.0,1.0,0.0,48.8
761,2010.0,Missouri,0.0,0.0,1.0,61.7
762,2011.0,Missouri,1.0,0.0,0.0,64.1
763,2011.0,Missouri,0.0,1.0,0.0,57.7
764,2011.0,Missouri,0.0,0.0,1.0,70.0
765,2012.0,Missouri,1.0,0.0,0.0,63.9
766,2012.0,Missouri,0.0,1.0,0.0,55.6
767,2012.0,Missouri,0.0,0.0,1.0,71.4
768,2013.0,Missouri,1.0,0.0,0.0,67.9
769,2013.0,Missouri,0.0,1.0,0.0,59.8
770,2013.0,Missouri,0.0,0.0,1.0,75.1
771,2014.0,Missouri,1.0,0.0,0.0,70.0
772,2014.0,Missouri,0.0,1.0,0.0,61.6
773,2014.0,Missouri,0.0,0.0,1.0,77.2
774,2015.0,Missouri,1.0,0.0,0.0,71.0
775,2015.0,Missouri,0.0,1.0,0.0,63.1
776,2015.0,Missouri,0.0,0.0,1.0,77.8
777,2016.0,Missouri,1.0,0.0,0.0,66.9
778,2016.0,Missouri,0.0,1.0,0.0,58.6
779,2016.0,Missouri,0.0,0.0,1.0,74.2
780,2007.0,Montana,1.0,0.0,0.0,58.0
781,2007.0,Montana,0.0,1.0,0.0,50.9
782,2007.0,Montana,0.0,0.0,1.0,64.8
783,2008.0,Montana,1.0,0.0,0.0,56.0
784,2008.0,Montana,0.0,1.0,0.0,49.1
785,2008.0,Montana,0.0,0.0,1.0,62.7
786,2009.0,Montana,1.0,0.0,0.0,38.7
787,2009.0,Montana,0.0,1.0,0.0,31.4
788,2009.0,Montana,0.0,0.0,1.0,46.5
789,2010.0,Montana,1.0,0.0,0.0,50.0
790,2010.0,Montana,0.0,1.0,0.0,43.0
791,2010.0,Montana,0.0,0.0,1.0,56.9
792,2011.0,Montana,1.0,0.0,0.0,59.6
793,2011.0,Montana,0.0,1.0,0.0,50.6
794,2011.0,Montana,0.0,0.0,1.0,68.0
795,2012.0,Montana,1.0,0.0,0.0,66.5
796,2012.0,Montana,0.0,1.0,0.0,59.0
797,2012.0,Montana,0.0,0.0,1.0,73.2
798,2013.0,Montana,1.0,0.0,0.0,65.4
799,2013.0,Montana,0.0,1.0,0.0,56.8
800,2013.0,Montana,0.0,0.0,1.0,73.0
801,2014.0,Montana,1.0,0.0,0.0,67.1
802,2014.0,Montana,0.0,1.0,0.0,58.5
803,2014.0,Montana,0.0,0.0,1.0,74.8
804,2015.0,Montana,1.0,0.0,0.0,68.1
805,2015.0,Montana,0.0,1.0,0.0,60.7
806,2015.0,Montana,0.0,0.0,1.0,74.8
807,2016.0,Montana,1.0,0.0,0.0,63.6
808,2016.0,Montana,0.0,1.0,0.0,56.0
809,2016.0,Montana,0.0,0.0,1.0,70.7
810,2007.0,Nebraska,1.0,0.0,0.0,74.4
811,2007.0,Nebraska,0.0,1.0,0.0,66.6
812,2007.0,Nebraska,0.0,0.0,1.0,80.8
813,2008.0,Nebraska,1.0,0.0,0.0,63.0
814,2008.0,Nebraska,0.0,1.0,0.0,56.6
815,2008.0,Nebraska,0.0,0.0,1.0,69.1
816,2009.0,Nebraska,1.0,0.0,0.0,38.1
817,2009.0,Nebraska,0.0,1.0,0.0,31.2
818,2009.0,Nebraska,0.0,0.0,1.0,45.6
819,2010.0,Nebraska,1.0,0.0,0.0,66.3
820,2010.0,Nebraska,0.0,1.0,0.0,59.1
821,2010.0,Nebraska,0.0,0.0,1.0,72.9
822,2011.0,Nebraska,1.0,0.0,0.0,77.6
823,2011.0,Nebraska,0.0,1.0,0.0,70.6
824,2011.0,Nebraska,0.0,0.0,1.0,83.3
825,2012.0,Nebraska,1.0,0.0,0.0,72.6
826,2012.0,Nebraska,0.0,1.0,0.0,65.6
827,2012.0,Nebraska,0.0,0.0,1.0,78.6
828,2013.0,Nebraska,1.0,0.0,0.0,79.0
829,2013.0,Nebraska,0.0,1.0,0.0,72.5
830,2013.0,Nebraska,0.0,0.0,1.0,84.3
831,2014.0,Nebraska,1.0,0.0,0.0,80.2
832,2014.0,Nebraska,0.0,1.0,0.0,73.3
833,2014.0,Nebraska,0.0,0.0,1.0,85.7
834,2015.0,Nebraska,1.0,0.0,0.0,73.8
835,2015.0,Nebraska,0.0,1.0,0.0,67.1
836,2015.0,Nebraska,0.0,0.0,1.0,79.6
837,2016.0,Nebraska,1.0,0.0,0.0,80.6
838,2016.0,Nebraska,0.0,1.0,0.0,73.7
839,2016.0,Nebraska,0.0,0.0,1.0,86.0
840,2007.0,Nevada,1.0,0.0,0.0,50.7
841,2007.0,Nevada,0.0,1.0,0.0,43.2
842,2007.0,Nevada,0.0,0.0,1.0,58.2
843,2008.0,Nevada,1.0,0.0,0.0,54.2
844,2008.0,Nevada,0.0,1.0,0.0,47.2
845,2008.0,Nevada,0.0,0.0,1.0,61.1
846,2009.0,Nevada,1.0,0.0,0.0,39.3
847,2009.0,Nevada,0.0,1.0,0.0,32.9
848,2009.0,Nevada,0.0,0.0,1.0,46.2
849,2010.0,Nevada,1.0,0.0,0.0,46.4
850,2010.0,Nevada,0.0,1.0,0.0,39.2
851,2010.0,Nevada,0.0,0.0,1.0,53.7
852,2011.0,Nevada,1.0,0.0,0.0,64.7
853,2011.0,Nevada,0.0,1.0,0.0,55.8
854,2011.0,Nevada,0.0,0.0,1.0,72.7
855,2012.0,Nevada,1.0,0.0,0.0,65.3
856,2012.0,Nevada,0.0,1.0,0.0,58.5
857,2012.0,Nevada,0.0,0.0,1.0,71.6
858,2013.0,Nevada,1.0,0.0,0.0,60.6
859,2013.0,Nevada,0.0,1.0,0.0,54.0
860,2013.0,Nevada,0.0,0.0,1.0,66.8
861,2014.0,Nevada,1.0,0.0,0.0,67.7
862,2014.0,Nevada,0.0,1.0,0.0,60.7
863,2014.0,Nevada,0.0,0.0,1.0,73.9
864,2015.0,Nevada,1.0,0.0,0.0,71.3
865,2015.0,Nevada,0.0,1.0,0.0,63.8
866,2015.0,Nevada,0.0,0.0,1.0,77.8
867,2016.0,Nevada,1.0,0.0,0.0,71.9
868,2016.0,Nevada,0.0,1.0,0.0,63.9
869,2016.0,Nevada,0.0,0.0,1.0,78.7
870,2007.0,New Hampshire,1.0,0.0,0.0,80.5
871,2007.0,New Hampshire,0.0,1.0,0.0,73.5
872,2007.0,New Hampshire,0.0,0.0,1.0,85.9
873,2008.0,New Hampshire,1.0,0.0,0.0,74.6
874,2008.0,New Hampshire,0.0,1.0,0.0,68.3
875,2008.0,New Hampshire,0.0,0.0,1.0,80.1
876,2009.0,New Hampshire,1.0,0.0,0.0,39.1
877,2009.0,New Hampshire,0.0,1.0,0.0,32.3
878,2009.0,New Hampshire,0.0,0.0,1.0,46.4
879,2010.0,New Hampshire,1.0,0.0,0.0,63.3
880,2010.0,New Hampshire,0.0,1.0,0.0,55.5
881,2010.0,New Hampshire,0.0,0.0,1.0,70.5
882,2011.0,New Hampshire,1.0,0.0,0.0,70.8
883,2011.0,New Hampshire,0.0,1.0,0.0,63.2
884,2011.0,New Hampshire,0.0,0.0,1.0,77.4
885,2012.0,New Hampshire,1.0,0.0,0.0,80.1
886,2012.0,New Hampshire,0.0,1.0,0.0,73.7
887,2012.0,New Hampshire,0.0,0.0,1.0,85.2
888,2013.0,New Hampshire,1.0,0.0,0.0,74.9
889,2013.0,New Hampshire,0.0,1.0,0.0,67.4
890,2013.0,New Hampshire,0.0,0.0,1.0,81.1
891,2014.0,New Hampshire,1.0,0.0,0.0,80.4
892,2014.0,New Hampshire,0.0,1.0,0.0,73.6
893,2014.0,New Hampshire,0.0,0.0,1.0,85.8
894,2015.0,New Hampshire,1.0,0.0,0.0,74.1
895,2015.0,New Hampshire,0.0,1.0,0.0,66.4
896,2015.0,New Hampshire,0.0,0.0,1.0,80.5
897,2016.0,New Hampshire,1.0,0.0,0.0,78.0
898,2016.0,New Hampshire,0.0,1.0,0.0,71.4
899,2016.0,New Hampshire,0.0,0.0,1.0,83.5
900,2007.0,New Jersey,1.0,0.0,0.0,62.3
901,2007.0,New Jersey,0.0,1.0,0.0,54.2
902,2007.0,New Jersey,0.0,0.0,1.0,69.8
903,2008.0,New Jersey,1.0,0.0,0.0,59.7
904,2008.0,New Jersey,0.0,1.0,0.0,53.0
905,2008.0,New Jersey,0.0,0.0,1.0,66.0
906,2009.0,New Jersey,1.0,0.0,0.0,44.7
907,2009.0,New Jersey,0.0,1.0,0.0,38.4
908,2009.0,New Jersey,0.0,0.0,1.0,51.2
909,2010.0,New Jersey,1.0,0.0,0.0,51.6
910,2010.0,New Jersey,0.0,1.0,0.0,44.6
911,2010.0,New Jersey,0.0,0.0,1.0,58.5
912,2011.0,New Jersey,1.0,0.0,0.0,67.9
913,2011.0,New Jersey,0.0,1.0,0.0,61.8
914,2011.0,New Jersey,0.0,0.0,1.0,73.5
915,2012.0,New Jersey,1.0,0.0,0.0,71.5
916,2012.0,New Jersey,0.0,1.0,0.0,64.7
917,2012.0,New Jersey,0.0,0.0,1.0,77.4
918,2013.0,New Jersey,1.0,0.0,0.0,72.9
919,2013.0,New Jersey,0.0,1.0,0.0,65.7
920,2013.0,New Jersey,0.0,0.0,1.0,79.1
921,2014.0,New Jersey,1.0,0.0,0.0,67.2
922,2014.0,New Jersey,0.0,1.0,0.0,59.5
923,2014.0,New Jersey,0.0,0.0,1.0,74.1
924,2015.0,New Jersey,1.0,0.0,0.0,76.5
925,2015.0,New Jersey,0.0,1.0,0.0,69.4
926,2015.0,New Jersey,0.0,0.0,1.0,82.4
927,2016.0,New Jersey,1.0,0.0,0.0,70.2
928,2016.0,New Jersey,0.0,1.0,0.0,62.8
929,2016.0,New Jersey,0.0,0.0,1.0,76.6
930,2007.0,New Mexico,1.0,0.0,0.0,65.4
931,2007.0,New Mexico,0.0,1.0,0.0,57.3
932,2007.0,New Mexico,0.0,0.0,1.0,72.6
933,2008.0,New Mexico,1.0,0.0,0.0,72.9
934,2008.0,New Mexico,0.0,1.0,0.0,66.0
935,2008.0,New Mexico,0.0,0.0,1.0,78.8
936,2009.0,New Mexico,1.0,0.0,0.0,45.8
937,2009.0,New Mexico,0.0,1.0,0.0,39.3
938,2009.0,New Mexico,0.0,0.0,1.0,52.4
939,2010.0,New Mexico,1.0,0.0,0.0,53.1
940,2010.0,New Mexico,0.0,1.0,0.0,46.5
941,2010.0,New Mexico,0.0,0.0,1.0,59.6
942,2011.0,New Mexico,1.0,0.0,0.0,69.8
943,2011.0,New Mexico,0.0,1.0,0.0,62.9
944,2011.0,New Mexico,0.0,0.0,1.0,75.9
945,2012.0,New Mexico,1.0,0.0,0.0,71.6
946,2012.0,New Mexico,0.0,1.0,0.0,64.5
947,2012.0,New Mexico,0.0,0.0,1.0,77.7
948,2013.0,New Mexico,1.0,0.0,0.0,65.7
949,2013.0,New Mexico,0.0,1.0,0.0,58.1
950,2013.0,New Mexico,0.0,0.0,1.0,72.5
951,2014.0,New Mexico,1.0,0.0,0.0,75.9
952,2014.0,New Mexico,0.0,1.0,0.0,68.3
953,2014.0,New Mexico,0.0,0.0,1.0,82.1
954,2015.0,New Mexico,1.0,0.0,0.0,70.1
955,2015.0,New Mexico,0.0,1.0,0.0,61.7
956,2015.0,New Mexico,0.0,0.0,1.0,77.4
957,2016.0,New Mexico,1.0,0.0,0.0,68.5
958,2016.0,New Mexico,0.0,1.0,0.0,61.5
959,2016.0,New Mexico,0.0,0.0,1.0,74.6
960,2007.0,New York,1.0,0.0,0.0,65.2
961,2007.0,New York,0.0,1.0,0.0,60.2
962,2007.0,New York,0.0,0.0,1.0,69.8
963,2008.0,New York,1.0,0.0,0.0,65.1
964,2008.0,New York,0.0,1.0,0.0,60.4
965,2008.0,New York,0.0,0.0,1.0,69.5
966,2009.0,New York,1.0,0.0,0.0,47.8
967,2009.0,New York,0.0,1.0,0.0,42.5
968,2009.0,New York,0.0,0.0,1.0,53.1
969,2010.0,New York,1.0,0.0,0.0,49.0
970,2010.0,New York,0.0,1.0,0.0,43.5
971,2010.0,New York,0.0,0.0,1.0,54.5
972,2011.0,New York,1.0,0.0,0.0,61.3
973,2011.0,New York,0.0,1.0,0.0,56.0
974,2011.0,New York,0.0,0.0,1.0,66.4
975,2012.0,New York,1.0,0.0,0.0,63.7
976,2012.0,New York,0.0,1.0,0.0,59.0
977,2012.0,New York,0.0,0.0,1.0,68.1
978,2013.0,New York,1.0,0.0,0.0,72.2
979,2013.0,New York,0.0,1.0,0.0,66.9
980,2013.0,New York,0.0,0.0,1.0,77.0
981,2014.0,New York,1.0,0.0,0.0,70.7
982,2014.0,New York,0.0,1.0,0.0,65.3
983,2014.0,New York,0.0,0.0,1.0,75.7
984,2015.0,New York,1.0,0.0,0.0,71.9
985,2015.0,New York,0.0,1.0,0.0,67.3
986,2015.0,New York,0.0,0.0,1.0,76.1
987,2016.0,New York,1.0,0.0,0.0,72.3
988,2016.0,New York,0.0,1.0,0.0,67.8
989,2016.0,New York,0.0,0.0,1.0,76.3
990,2007.0,North Carolina,1.0,0.0,0.0,70.1
991,2007.0,North Carolina,0.0,1.0,0.0,62.7
992,2007.0,North Carolina,0.0,0.0,1.0,76.6
993,2008.0,North Carolina,1.0,0.0,0.0,64.4
994,2008.0,North Carolina,0.0,1.0,0.0,57.5
995,2008.0,North Carolina,0.0,0.0,1.0,70.8
996,2009.0,North Carolina,1.0,0.0,0.0,40.2
997,2009.0,North Carolina,0.0,1.0,0.0,33.0
998,2009.0,North Carolina,0.0,0.0,1.0,47.8
999,2010.0,North Carolina,1.0,0.0,0.0,52.1
1000,2010.0,North Carolina,0.0,1.0,0.0,45.8
1001,2010.0,North Carolina,0.0,0.0,1.0,58.4
1002,2011.0,North Carolina,1.0,0.0,0.0,65.6
1003,2011.0,North Carolina,0.0,1.0,0.0,57.1
1004,2011.0,North Carolina,0.0,0.0,1.0,73.2
1005,2012.0,North Carolina,1.0,0.0,0.0,75.4
1006,2012.0,North Carolina,0.0,1.0,0.0,68.3
1007,2012.0,North Carolina,0.0,0.0,1.0,81.3
1008,2013.0,North Carolina,1.0,0.0,0.0,72.0
1009,2013.0,North Carolina,0.0,1.0,0.0,64.0
1010,2013.0,North Carolina,0.0,0.0,1.0,78.8
1011,2014.0,North Carolina,1.0,0.0,0.0,80.8
1012,2014.0,North Carolina,0.0,1.0,0.0,73.0
1013,2014.0,North Carolina,0.0,0.0,1.0,86.8
1014,2015.0,North Carolina,1.0,0.0,0.0,76.4
1015,2015.0,North Carolina,0.0,1.0,0.0,69.3
1016,2015.0,North Carolina,0.0,0.0,1.0,82.3
1017,2016.0,North Carolina,1.0,0.0,0.0,77.8
1018,2016.0,North Carolina,0.0,1.0,0.0,70.1
1019,2016.0,North Carolina,0.0,0.0,1.0,83.9
1020,2007.0,North Dakota,1.0,0.0,0.0,68.9
1021,2007.0,North Dakota,0.0,1.0,0.0,62.3
1022,2007.0,North Dakota,0.0,0.0,1.0,74.8
1023,2008.0,North Dakota,1.0,0.0,0.0,65.5
1024,2008.0,North Dakota,0.0,1.0,0.0,59.0
1025,2008.0,North Dakota,0.0,0.0,1.0,71.5
1026,2009.0,North Dakota,1.0,0.0,0.0,43.4
1027,2009.0,North Dakota,0.0,1.0,0.0,36.5
1028,2009.0,North Dakota,0.0,0.0,1.0,50.7
1029,2010.0,North Dakota,1.0,0.0,0.0,65.8
1030,2010.0,North Dakota,0.0,1.0,0.0,59.3
1031,2010.0,North Dakota,0.0,0.0,1.0,71.7
1032,2011.0,North Dakota,1.0,0.0,0.0,79.1
1033,2011.0,North Dakota,0.0,1.0,0.0,71.3
1034,2011.0,North Dakota,0.0,0.0,1.0,85.2
1035,2012.0,North Dakota,1.0,0.0,0.0,72.2
1036,2012.0,North Dakota,0.0,1.0,0.0,64.5
1037,2012.0,North Dakota,0.0,0.0,1.0,78.8
1038,2013.0,North Dakota,1.0,0.0,0.0,72.0
1039,2013.0,North Dakota,0.0,1.0,0.0,65.4
1040,2013.0,North Dakota,0.0,0.0,1.0,77.8
1041,2014.0,North Dakota,1.0,0.0,0.0,71.3
1042,2014.0,North Dakota,0.0,1.0,0.0,63.9
1043,2014.0,North Dakota,0.0,0.0,1.0,77.8
1044,2015.0,North Dakota,1.0,0.0,0.0,80.2
1045,2015.0,North Dakota,0.0,1.0,0.0,73.8
1046,2015.0,North Dakota,0.0,0.0,1.0,85.3
1047,2016.0,North Dakota,1.0,0.0,0.0,68.2
1048,2016.0,North Dakota,0.0,1.0,0.0,60.2
1049,2016.0,North Dakota,0.0,0.0,1.0,75.3
1050,2007.0,Ohio,1.0,0.0,0.0,64.5
1051,2007.0,Ohio,0.0,1.0,0.0,57.7
1052,2007.0,Ohio,0.0,0.0,1.0,70.7
1053,2008.0,Ohio,1.0,0.0,0.0,71.5
1054,2008.0,Ohio,0.0,1.0,0.0,64.3
1055,2008.0,Ohio,0.0,0.0,1.0,77.8
1056,2009.0,Ohio,1.0,0.0,0.0,44.7
1057,2009.0,Ohio,0.0,1.0,0.0,37.6
1058,2009.0,Ohio,0.0,0.0,1.0,52.0
1059,2010.0,Ohio,1.0,0.0,0.0,62.5
1060,2010.0,Ohio,0.0,1.0,0.0,54.6
1061,2010.0,Ohio,0.0,0.0,1.0,69.7
1062,2011.0,Ohio,1.0,0.0,0.0,74.7
1063,2011.0,Ohio,0.0,1.0,0.0,65.6
1064,2011.0,Ohio,0.0,0.0,1.0,82.0
1065,2012.0,Ohio,1.0,0.0,0.0,66.8
1066,2012.0,Ohio,0.0,1.0,0.0,59.6
1067,2012.0,Ohio,0.0,0.0,1.0,73.3
1068,2013.0,Ohio,1.0,0.0,0.0,61.7
1069,2013.0,Ohio,0.0,1.0,0.0,54.0
1070,2013.0,Ohio,0.0,0.0,1.0,68.9
1071,2014.0,Ohio,1.0,0.0,0.0,68.1
1072,2014.0,Ohio,0.0,1.0,0.0,60.0
1073,2014.0,Ohio,0.0,0.0,1.0,75.2
1074,2015.0,Ohio,1.0,0.0,0.0,68.3
1075,2015.0,Ohio,0.0,1.0,0.0,59.9
1076,2015.0,Ohio,0.0,0.0,1.0,75.6
1077,2016.0,Ohio,1.0,0.0,0.0,68.0
1078,2016.0,Ohio,0.0,1.0,0.0,60.0
1079,2016.0,Ohio,0.0,0.0,1.0,75.1
1080,2007.0,Oklahoma,1.0,0.0,0.0,53.3
1081,2007.0,Oklahoma,0.0,1.0,0.0,45.6
1082,2007.0,Oklahoma,0.0,0.0,1.0,60.9
1083,2008.0,Oklahoma,1.0,0.0,0.0,56.4
1084,2008.0,Oklahoma,0.0,1.0,0.0,48.8
1085,2008.0,Oklahoma,0.0,0.0,1.0,63.7
1086,2009.0,Oklahoma,1.0,0.0,0.0,51.9
1087,2009.0,Oklahoma,0.0,1.0,0.0,45.1
1088,2009.0,Oklahoma,0.0,0.0,1.0,58.5
1089,2010.0,Oklahoma,1.0,0.0,0.0,49.2
1090,2010.0,Oklahoma,0.0,1.0,0.0,42.8
1091,2010.0,Oklahoma,0.0,0.0,1.0,55.7
1092,2011.0,Oklahoma,1.0,0.0,0.0,66.0
1093,2011.0,Oklahoma,0.0,1.0,0.0,58.7
1094,2011.0,Oklahoma,0.0,0.0,1.0,72.6
1095,2012.0,Oklahoma,1.0,0.0,0.0,61.0
1096,2012.0,Oklahoma,0.0,1.0,0.0,53.2
1097,2012.0,Oklahoma,0.0,0.0,1.0,68.3
1098,2013.0,Oklahoma,1.0,0.0,0.0,62.7
1099,2013.0,Oklahoma,0.0,1.0,0.0,56.2
1100,2013.0,Oklahoma,0.0,0.0,1.0,68.7
1101,2014.0,Oklahoma,1.0,0.0,0.0,73.3
1102,2014.0,Oklahoma,0.0,1.0,0.0,65.1
1103,2014.0,Oklahoma,0.0,0.0,1.0,80.1
1104,2015.0,Oklahoma,1.0,0.0,0.0,75.4
1105,2015.0,Oklahoma,0.0,1.0,0.0,67.4
1106,2015.0,Oklahoma,0.0,0.0,1.0,81.9
1107,2016.0,Oklahoma,1.0,0.0,0.0,67.0
1108,2016.0,Oklahoma,0.0,1.0,0.0,58.9
1109,2016.0,Oklahoma,0.0,0.0,1.0,74.3
1110,2007.0,Oregon,1.0,0.0,0.0,62.7
1111,2007.0,Oregon,0.0,1.0,0.0,54.6
1112,2007.0,Oregon,0.0,0.0,1.0,70.2
1113,2008.0,Oregon,1.0,0.0,0.0,68.3
1114,2008.0,Oregon,0.0,1.0,0.0,60.3
1115,2008.0,Oregon,0.0,0.0,1.0,75.3
1116,2009.0,Oregon,1.0,0.0,0.0,44.3
1117,2009.0,Oregon,0.0,1.0,0.0,37.9
1118,2009.0,Oregon,0.0,0.0,1.0,50.8
1119,2010.0,Oregon,1.0,0.0,0.0,51.9
1120,2010.0,Oregon,0.0,1.0,0.0,45.0
1121,2010.0,Oregon,0.0,0.0,1.0,58.7
1122,2011.0,Oregon,1.0,0.0,0.0,61.7
1123,2011.0,Oregon,0.0,1.0,0.0,53.2
1124,2011.0,Oregon,0.0,0.0,1.0,69.5
1125,2012.0,Oregon,1.0,0.0,0.0,66.7
1126,2012.0,Oregon,0.0,1.0,0.0,59.7
1127,2012.0,Oregon,0.0,0.0,1.0,73.1
1128,2013.0,Oregon,1.0,0.0,0.0,66.6
1129,2013.0,Oregon,0.0,1.0,0.0,59.9
1130,2013.0,Oregon,0.0,0.0,1.0,72.8
1131,2014.0,Oregon,1.0,0.0,0.0,65.3
1132,2014.0,Oregon,0.0,1.0,0.0,57.0
1133,2014.0,Oregon,0.0,0.0,1.0,72.7
1134,2015.0,Oregon,1.0,0.0,0.0,67.4
1135,2015.0,Oregon,0.0,1.0,0.0,59.1
1136,2015.0,Oregon,0.0,0.0,1.0,74.7
1137,2016.0,Oregon,1.0,0.0,0.0,58.1
1138,2016.0,Oregon,0.0,1.0,0.0,50.9
1139,2016.0,Oregon,0.0,0.0,1.0,64.9
1140,2007.0,Pennsylvania,1.0,0.0,0.0,68.3
1141,2007.0,Pennsylvania,0.0,1.0,0.0,63.2
1142,2007.0,Pennsylvania,0.0,0.0,1.0,73.1
1143,2008.0,Pennsylvania,1.0,0.0,0.0,71.3
1144,2008.0,Pennsylvania,0.0,1.0,0.0,65.5
1145,2008.0,Pennsylvania,0.0,0.0,1.0,76.4
1146,2009.0,Pennsylvania,1.0,0.0,0.0,38.8
1147,2009.0,Pennsylvania,0.0,1.0,0.0,32.9
1148,2009.0,Pennsylvania,0.0,0.0,1.0,44.9
1149,2010.0,Pennsylvania,1.0,0.0,0.0,61.3
1150,2010.0,Pennsylvania,0.0,1.0,0.0,55.8
1151,2010.0,Pennsylvania,0.0,0.0,1.0,66.5
1152,2011.0,Pennsylvania,1.0,0.0,0.0,69.7
1153,2011.0,Pennsylvania,0.0,1.0,0.0,64.5
1154,2011.0,Pennsylvania,0.0,0.0,1.0,74.4
1155,2012.0,Pennsylvania,1.0,0.0,0.0,68.3
1156,2012.0,Pennsylvania,0.0,1.0,0.0,62.1
1157,2012.0,Pennsylvania,0.0,0.0,1.0,73.9
1158,2013.0,Pennsylvania,1.0,0.0,0.0,75.5
1159,2013.0,Pennsylvania,0.0,1.0,0.0,69.9
1160,2013.0,Pennsylvania,0.0,0.0,1.0,80.3
1161,2014.0,Pennsylvania,1.0,0.0,0.0,78.6
1162,2014.0,Pennsylvania,0.0,1.0,0.0,73.2
1163,2014.0,Pennsylvania,0.0,0.0,1.0,83.1
1164,2015.0,Pennsylvania,1.0,0.0,0.0,72.8
1165,2015.0,Pennsylvania,0.0,1.0,0.0,66.6
1166,2015.0,Pennsylvania,0.0,0.0,1.0,78.2
1167,2016.0,Pennsylvania,1.0,0.0,0.0,73.7
1168,2016.0,Pennsylvania,0.0,1.0,0.0,67.4
1169,2016.0,Pennsylvania,0.0,0.0,1.0,79.1
1170,2007.0,Rhode Island,1.0,0.0,0.0,69.2
1171,2007.0,Rhode Island,0.0,1.0,0.0,61.4
1172,2007.0,Rhode Island,0.0,0.0,1.0,76.1
1173,2008.0,Rhode Island,1.0,0.0,0.0,68.6
1174,2008.0,Rhode Island,0.0,1.0,0.0,60.8
1175,2008.0,Rhode Island,0.0,0.0,1.0,75.5
1176,2009.0,Rhode Island,1.0,0.0,0.0,29.2
1177,2009.0,Rhode Island,0.0,1.0,0.0,22.7
1178,2009.0,Rhode Island,0.0,0.0,1.0,36.7
1179,2010.0,Rhode Island,1.0,0.0,0.0,56.6
1180,2010.0,Rhode Island,0.0,1.0,0.0,48.5
1181,2010.0,Rhode Island,0.0,0.0,1.0,64.4
1182,2011.0,Rhode Island,1.0,0.0,0.0,67.3
1183,2011.0,Rhode Island,0.0,1.0,0.0,60.4
1184,2011.0,Rhode Island,0.0,0.0,1.0,73.6
1185,2012.0,Rhode Island,1.0,0.0,0.0,72.5
1186,2012.0,Rhode Island,0.0,1.0,0.0,65.5
1187,2012.0,Rhode Island,0.0,0.0,1.0,78.5
1188,2013.0,Rhode Island,1.0,0.0,0.0,82.1
1189,2013.0,Rhode Island,0.0,1.0,0.0,74.4
1190,2013.0,Rhode Island,0.0,0.0,1.0,87.8
1191,2014.0,Rhode Island,1.0,0.0,0.0,75.6
1192,2014.0,Rhode Island,0.0,1.0,0.0,67.5
1193,2014.0,Rhode Island,0.0,0.0,1.0,82.1
1194,2015.0,Rhode Island,1.0,0.0,0.0,77.2
1195,2015.0,Rhode Island,0.0,1.0,0.0,70.7
1196,2015.0,Rhode Island,0.0,0.0,1.0,82.6
1197,2016.0,Rhode Island,1.0,0.0,0.0,75.5
1198,2016.0,Rhode Island,0.0,1.0,0.0,68.3
1199,2016.0,Rhode Island,0.0,0.0,1.0,81.6
1200,2007.0,South Carolina,1.0,0.0,0.0,74.9
1201,2007.0,South Carolina,0.0,1.0,0.0,69.2
1202,2007.0,South Carolina,0.0,0.0,1.0,79.8
1203,2008.0,South Carolina,1.0,0.0,0.0,70.6
1204,2008.0,South Carolina,0.0,1.0,0.0,64.2
1205,2008.0,South Carolina,0.0,0.0,1.0,76.3
1206,2009.0,South Carolina,1.0,0.0,0.0,34.6
1207,2009.0,South Carolina,0.0,1.0,0.0,28.5
1208,2009.0,South Carolina,0.0,0.0,1.0,41.3
1209,2010.0,South Carolina,1.0,0.0,0.0,53.2
1210,2010.0,South Carolina,0.0,1.0,0.0,46.5
1211,2010.0,South Carolina,0.0,0.0,1.0,59.7
1212,2011.0,South Carolina,1.0,0.0,0.0,65.1
1213,2011.0,South Carolina,0.0,1.0,0.0,57.6
1214,2011.0,South Carolina,0.0,0.0,1.0,71.9
1215,2012.0,South Carolina,1.0,0.0,0.0,71.8
1216,2012.0,South Carolina,0.0,1.0,0.0,64.7
1217,2012.0,South Carolina,0.0,0.0,1.0,78.0
1218,2013.0,South Carolina,1.0,0.0,0.0,66.5
1219,2013.0,South Carolina,0.0,1.0,0.0,57.8
1220,2013.0,South Carolina,0.0,0.0,1.0,74.3
1221,2014.0,South Carolina,1.0,0.0,0.0,72.6
1222,2014.0,South Carolina,0.0,1.0,0.0,63.8
1223,2014.0,South Carolina,0.0,0.0,1.0,79.9
1224,2015.0,South Carolina,1.0,0.0,0.0,68.2
1225,2015.0,South Carolina,0.0,1.0,0.0,60.5
1226,2015.0,South Carolina,0.0,0.0,1.0,75.1
1227,2016.0,South Carolina,1.0,0.0,0.0,69.7
1228,2016.0,South Carolina,0.0,1.0,0.0,62.8
1229,2016.0,South Carolina,0.0,0.0,1.0,75.8
1230,2007.0,South Dakota,1.0,0.0,0.0,45.8
1231,2007.0,South Dakota,0.0,1.0,0.0,38.5
1232,2007.0,South Dakota,0.0,0.0,1.0,53.2
1233,2008.0,South Dakota,1.0,0.0,0.0,62.7
1234,2008.0,South Dakota,0.0,1.0,0.0,56.1
1235,2008.0,South Dakota,0.0,0.0,1.0,68.9
1236,2009.0,South Dakota,1.0,0.0,0.0,42.8
1237,2009.0,South Dakota,0.0,1.0,0.0,35.9
1238,2009.0,South Dakota,0.0,0.0,1.0,49.9
1239,2010.0,South Dakota,1.0,0.0,0.0,48.7
1240,2010.0,South Dakota,0.0,1.0,0.0,41.9
1241,2010.0,South Dakota,0.0,0.0,1.0,55.6
1242,2011.0,South Dakota,1.0,0.0,0.0,62.9
1243,2011.0,South Dakota,0.0,1.0,0.0,52.0
1244,2011.0,South Dakota,0.0,0.0,1.0,72.6
1245,2012.0,South Dakota,1.0,0.0,0.0,63.6
1246,2012.0,South Dakota,0.0,1.0,0.0,57.0
1247,2012.0,South Dakota,0.0,0.0,1.0,69.7
1248,2013.0,South Dakota,1.0,0.0,0.0,73.8
1249,2013.0,South Dakota,0.0,1.0,0.0,65.5
1250,2013.0,South Dakota,0.0,0.0,1.0,80.8
1251,2014.0,South Dakota,1.0,0.0,0.0,76.3
1252,2014.0,South Dakota,0.0,1.0,0.0,67.1
1253,2014.0,South Dakota,0.0,0.0,1.0,83.6
1254,2015.0,South Dakota,1.0,0.0,0.0,75.6
1255,2015.0,South Dakota,0.0,1.0,0.0,68.2
1256,2015.0,South Dakota,0.0,0.0,1.0,81.7
1257,2016.0,South Dakota,1.0,0.0,0.0,70.4
1258,2016.0,South Dakota,0.0,1.0,0.0,63.4
1259,2016.0,South Dakota,0.0,0.0,1.0,76.6
1260,2007.0,Tennessee,1.0,0.0,0.0,64.3
1261,2007.0,Tennessee,0.0,1.0,0.0,56.3
1262,2007.0,Tennessee,0.0,0.0,1.0,71.6
1263,2008.0,Tennessee,1.0,0.0,0.0,73.6
1264,2008.0,Tennessee,0.0,1.0,0.0,67.2
1265,2008.0,Tennessee,0.0,0.0,1.0,79.2
1266,2009.0,Tennessee,1.0,0.0,0.0,44.8
1267,2009.0,Tennessee,0.0,1.0,0.0,38.3
1268,2009.0,Tennessee,0.0,0.0,1.0,51.4
1269,2010.0,Tennessee,1.0,0.0,0.0,61.8
1270,2010.0,Tennessee,0.0,1.0,0.0,55.0
1271,2010.0,Tennessee,0.0,0.0,1.0,68.2
1272,2011.0,Tennessee,1.0,0.0,0.0,70.4
1273,2011.0,Tennessee,0.0,1.0,0.0,63.3
1274,2011.0,Tennessee,0.0,0.0,1.0,76.6
1275,2012.0,Tennessee,1.0,0.0,0.0,73.1
1276,2012.0,Tennessee,0.0,1.0,0.0,65.8
1277,2012.0,Tennessee,0.0,0.0,1.0,79.3
1278,2013.0,Tennessee,1.0,0.0,0.0,68.5
1279,2013.0,Tennessee,0.0,1.0,0.0,61.3
1280,2013.0,Tennessee,0.0,0.0,1.0,74.8
1281,2014.0,Tennessee,1.0,0.0,0.0,71.9
1282,2014.0,Tennessee,0.0,1.0,0.0,63.6
1283,2014.0,Tennessee,0.0,0.0,1.0,78.9
1284,2015.0,Tennessee,1.0,0.0,0.0,70.1
1285,2015.0,Tennessee,0.0,1.0,0.0,62.2
1286,2015.0,Tennessee,0.0,0.0,1.0,77.0
1287,2016.0,Tennessee,1.0,0.0,0.0,67.4
1288,2016.0,Tennessee,0.0,1.0,0.0,59.6
1289,2016.0,Tennessee,0.0,0.0,1.0,74.4
1290,2007.0,Texas,1.0,0.0,0.0,68.5
1291,2007.0,Texas,0.0,1.0,0.0,64.0
1292,2007.0,Texas,0.0,0.0,1.0,72.7
1293,2008.0,Texas,1.0,0.0,0.0,70.5
1294,2008.0,Texas,0.0,1.0,0.0,64.8
1295,2008.0,Texas,0.0,0.0,1.0,75.5
1296,2009.0,Texas,1.0,0.0,0.0,40.7
1297,2009.0,Texas,0.0,1.0,0.0,35.5
1298,2009.0,Texas,0.0,0.0,1.0,46.1
1299,2010.0,Texas,1.0,0.0,0.0,58.6
1300,2010.0,Texas,0.0,1.0,0.0,54.2
1301,2010.0,Texas,0.0,0.0,1.0,63.0
1302,2011.0,Texas,1.0,0.0,0.0,72.7
1303,2011.0,Texas,0.0,1.0,0.0,68.5
1304,2011.0,Texas,0.0,0.0,1.0,76.5
1305,2012.0,Texas,1.0,0.0,0.0,64.8
1306,2012.0,Texas,0.0,1.0,0.0,60.7
1307,2012.0,Texas,0.0,0.0,1.0,68.7
1308,2013.0,Texas,1.0,0.0,0.0,72.5
1309,2013.0,Texas,0.0,1.0,0.0,67.2
1310,2013.0,Texas,0.0,0.0,1.0,77.2
1311,2014.0,Texas,1.0,0.0,0.0,64.0
1312,2014.0,Texas,0.0,1.0,0.0,58.7
1313,2014.0,Texas,0.0,0.0,1.0,69.0
1314,2015.0,Texas,1.0,0.0,0.0,71.2
1315,2015.0,Texas,0.0,1.0,0.0,66.8
1316,2015.0,Texas,0.0,0.0,1.0,75.2
1317,2016.0,Texas,1.0,0.0,0.0,69.5
1318,2016.0,Texas,0.0,1.0,0.0,65.3
1319,2016.0,Texas,0.0,0.0,1.0,73.3
1320,2007.0,Utah,1.0,0.0,0.0,61.4
1321,2007.0,Utah,0.0,1.0,0.0,54.4
1322,2007.0,Utah,0.0,0.0,1.0,67.9
1323,2008.0,Utah,1.0,0.0,0.0,65.5
1324,2008.0,Utah,0.0,1.0,0.0,56.9
1325,2008.0,Utah,0.0,0.0,1.0,73.3
1326,2009.0,Utah,1.0,0.0,0.0,41.2
1327,2009.0,Utah,0.0,1.0,0.0,34.2
1328,2009.0,Utah,0.0,0.0,1.0,48.6
1329,2010.0,Utah,1.0,0.0,0.0,49.9
1330,2010.0,Utah,0.0,1.0,0.0,42.9
1331,2010.0,Utah,0.0,0.0,1.0,56.8
1332,2011.0,Utah,1.0,0.0,0.0,66.7
1333,2011.0,Utah,0.0,1.0,0.0,59.4
1334,2011.0,Utah,0.0,0.0,1.0,73.2
1335,2012.0,Utah,1.0,0.0,0.0,73.0
1336,2012.0,Utah,0.0,1.0,0.0,65.2
1337,2012.0,Utah,0.0,0.0,1.0,79.6
1338,2013.0,Utah,1.0,0.0,0.0,75.2
1339,2013.0,Utah,0.0,1.0,0.0,68.6
1340,2013.0,Utah,0.0,0.0,1.0,80.8
1341,2014.0,Utah,1.0,0.0,0.0,70.8
1342,2014.0,Utah,0.0,1.0,0.0,62.4
1343,2014.0,Utah,0.0,0.0,1.0,78.0
1344,2015.0,Utah,1.0,0.0,0.0,68.1
1345,2015.0,Utah,0.0,1.0,0.0,60.4
1346,2015.0,Utah,0.0,0.0,1.0,74.9
1347,2016.0,Utah,1.0,0.0,0.0,72.2
1348,2016.0,Utah,0.0,1.0,0.0,64.9
1349,2016.0,Utah,0.0,0.0,1.0,78.5
1350,2007.0,Vermont,1.0,0.0,0.0,62.7
1351,2007.0,Vermont,0.0,1.0,0.0,53.9
1352,2007.0,Vermont,0.0,0.0,1.0,70.8
1353,2008.0,Vermont,1.0,0.0,0.0,60.8
1354,2008.0,Vermont,0.0,1.0,0.0,53.6
1355,2008.0,Vermont,0.0,0.0,1.0,67.5
1356,2009.0,Vermont,1.0,0.0,0.0,23.0
1357,2009.0,Vermont,0.0,1.0,0.0,18.2
1358,2009.0,Vermont,0.0,0.0,1.0,28.5
1359,2010.0,Vermont,1.0,0.0,0.0,40.6
1360,2010.0,Vermont,0.0,1.0,0.0,33.9
1361,2010.0,Vermont,0.0,0.0,1.0,47.6
1362,2011.0,Vermont,1.0,0.0,0.0,67.5
1363,2011.0,Vermont,0.0,1.0,0.0,60.5
1364,2011.0,Vermont,0.0,0.0,1.0,73.7
1365,2012.0,Vermont,1.0,0.0,0.0,63.2
1366,2012.0,Vermont,0.0,1.0,0.0,56.3
1367,2012.0,Vermont,0.0,0.0,1.0,69.5
1368,2013.0,Vermont,1.0,0.0,0.0,66.9
1369,2013.0,Vermont,0.0,1.0,0.0,60.0
1370,2013.0,Vermont,0.0,0.0,1.0,73.1
1371,2014.0,Vermont,1.0,0.0,0.0,71.8
1372,2014.0,Vermont,0.0,1.0,0.0,64.6
1373,2014.0,Vermont,0.0,0.0,1.0,78.0
1374,2015.0,Vermont,1.0,0.0,0.0,75.6
1375,2015.0,Vermont,0.0,1.0,0.0,69.2
1376,2015.0,Vermont,0.0,0.0,1.0,81.1
1377,2016.0,Vermont,1.0,0.0,0.0,76.8
1378,2016.0,Vermont,0.0,1.0,0.0,70.6
1379,2016.0,Vermont,0.0,0.0,1.0,82.0
1380,2007.0,Virginia,1.0,0.0,0.0,67.9
1381,2007.0,Virginia,0.0,1.0,0.0,61.5
1382,2007.0,Virginia,0.0,0.0,1.0,73.7
1383,2008.0,Virginia,1.0,0.0,0.0,68.1
1384,2008.0,Virginia,0.0,1.0,0.0,58.9
1385,2008.0,Virginia,0.0,0.0,1.0,76.0
1386,2009.0,Virginia,1.0,0.0,0.0,40.0
1387,2009.0,Virginia,0.0,1.0,0.0,32.5
1388,2009.0,Virginia,0.0,0.0,1.0,47.9
1389,2010.0,Virginia,1.0,0.0,0.0,55.2
1390,2010.0,Virginia,0.0,1.0,0.0,48.6
1391,2010.0,Virginia,0.0,0.0,1.0,61.7
1392,2011.0,Virginia,1.0,0.0,0.0,68.3
1393,2011.0,Virginia,0.0,1.0,0.0,60.8
1394,2011.0,Virginia,0.0,0.0,1.0,74.9
1395,2012.0,Virginia,1.0,0.0,0.0,69.8
1396,2012.0,Virginia,0.0,1.0,0.0,61.6
1397,2012.0,Virginia,0.0,0.0,1.0,76.9
1398,2013.0,Virginia,1.0,0.0,0.0,69.2
1399,2013.0,Virginia,0.0,1.0,0.0,58.5
1400,2013.0,Virginia,0.0,0.0,1.0,78.3
1401,2014.0,Virginia,1.0,0.0,0.0,73.7
1402,2014.0,Virginia,0.0,1.0,0.0,64.0
1403,2014.0,Virginia,0.0,0.0,1.0,81.5
1404,2015.0,Virginia,1.0,0.0,0.0,64.4
1405,2015.0,Virginia,0.0,1.0,0.0,55.7
1406,2015.0,Virginia,0.0,0.0,1.0,72.2
1407,2016.0,Virginia,1.0,0.0,0.0,65.9
1408,2016.0,Virginia,0.0,1.0,0.0,56.5
1409,2016.0,Virginia,0.0,0.0,1.0,74.1
1410,2007.0,Washington,1.0,0.0,0.0,64.6
1411,2007.0,Washington,0.0,1.0,0.0,58.1
1412,2007.0,Washington,0.0,0.0,1.0,70.5
1413,2008.0,Washington,1.0,0.0,0.0,67.3
1414,2008.0,Washington,0.0,1.0,0.0,60.8
1415,2008.0,Washington,0.0,0.0,1.0,73.2
1416,2009.0,Washington,1.0,0.0,0.0,35.6
1417,2009.0,Washington,0.0,1.0,0.0,30.2
1418,2009.0,Washington,0.0,0.0,1.0,41.4
1419,2010.0,Washington,1.0,0.0,0.0,55.7
1420,2010.0,Washington,0.0,1.0,0.0,49.7
1421,2010.0,Washington,0.0,0.0,1.0,61.4
1422,2011.0,Washington,1.0,0.0,0.0,68.1
1423,2011.0,Washington,0.0,1.0,0.0,61.3
1424,2011.0,Washington,0.0,0.0,1.0,74.2
1425,2012.0,Washington,1.0,0.0,0.0,65.2
1426,2012.0,Washington,0.0,1.0,0.0,57.7
1427,2012.0,Washington,0.0,0.0,1.0,72.0
1428,2013.0,Washington,1.0,0.0,0.0,70.8
1429,2013.0,Washington,0.0,1.0,0.0,62.5
1430,2013.0,Washington,0.0,0.0,1.0,78.0
1431,2014.0,Washington,1.0,0.0,0.0,67.4
1432,2014.0,Washington,0.0,1.0,0.0,58.9
1433,2014.0,Washington,0.0,0.0,1.0,74.9
1434,2015.0,Washington,1.0,0.0,0.0,77.1
1435,2015.0,Washington,0.0,1.0,0.0,70.8
1436,2015.0,Washington,0.0,0.0,1.0,82.3
1437,2016.0,Washington,1.0,0.0,0.0,75.7
1438,2016.0,Washington,0.0,1.0,0.0,69.4
1439,2016.0,Washington,0.0,0.0,1.0,81.1
1440,2007.0,West Virginia,1.0,0.0,0.0,64.9
1441,2007.0,West Virginia,0.0,1.0,0.0,58.4
1442,2007.0,West Virginia,0.0,0.0,1.0,70.8
1443,2008.0,West Virginia,1.0,0.0,0.0,62.8
1444,2008.0,West Virginia,0.0,1.0,0.0,55.3
1445,2008.0,West Virginia,0.0,0.0,1.0,69.8
1446,2009.0,West Virginia,1.0,0.0,0.0,30.5
1447,2009.0,West Virginia,0.0,1.0,0.0,23.5
1448,2009.0,West Virginia,0.0,0.0,1.0,38.4
1449,2010.0,West Virginia,1.0,0.0,0.0,47.7
1450,2010.0,West Virginia,0.0,1.0,0.0,41.3
1451,2010.0,West Virginia,0.0,0.0,1.0,54.2
1452,2011.0,West Virginia,1.0,0.0,0.0,60.9
1453,2011.0,West Virginia,0.0,1.0,0.0,54.7
1454,2011.0,West Virginia,0.0,0.0,1.0,66.8
1455,2012.0,West Virginia,1.0,0.0,0.0,60.8
1456,2012.0,West Virginia,0.0,1.0,0.0,52.7
1457,2012.0,West Virginia,0.0,0.0,1.0,68.3
1458,2013.0,West Virginia,1.0,0.0,0.0,65.5
1459,2013.0,West Virginia,0.0,1.0,0.0,57.3
1460,2013.0,West Virginia,0.0,0.0,1.0,72.9
1461,2014.0,West Virginia,1.0,0.0,0.0,63.4
1462,2014.0,West Virginia,0.0,1.0,0.0,55.4
1463,2014.0,West Virginia,0.0,0.0,1.0,70.7
1464,2015.0,West Virginia,1.0,0.0,0.0,64.9
1465,2015.0,West Virginia,0.0,1.0,0.0,56.8
1466,2015.0,West Virginia,0.0,0.0,1.0,72.2
1467,2016.0,West Virginia,1.0,0.0,0.0,64.7
1468,2016.0,West Virginia,0.0,1.0,0.0,57.3
1469,2016.0,West Virginia,0.0,0.0,1.0,71.5
1470,2007.0,Wisconsin,1.0,0.0,0.0,69.6
1471,2007.0,Wisconsin,0.0,1.0,0.0,61.9
1472,2007.0,Wisconsin,0.0,0.0,1.0,76.2
1473,2008.0,Wisconsin,1.0,0.0,0.0,72.6
1474,2008.0,Wisconsin,0.0,1.0,0.0,64.9
1475,2008.0,Wisconsin,0.0,0.0,1.0,79.1
1476,2009.0,Wisconsin,1.0,0.0,0.0,39.2
1477,2009.0,Wisconsin,0.0,1.0,0.0,32.8
1478,2009.0,Wisconsin,0.0,0.0,1.0,46.0
1479,2010.0,Wisconsin,1.0,0.0,0.0,69.7
1480,2010.0,Wisconsin,0.0,1.0,0.0,63.2
1481,2010.0,Wisconsin,0.0,0.0,1.0,75.6
1482,2011.0,Wisconsin,1.0,0.0,0.0,70.9
1483,2011.0,Wisconsin,0.0,1.0,0.0,63.0
1484,2011.0,Wisconsin,0.0,0.0,1.0,77.7
1485,2012.0,Wisconsin,1.0,0.0,0.0,75.2
1486,2012.0,Wisconsin,0.0,1.0,0.0,68.1
1487,2012.0,Wisconsin,0.0,0.0,1.0,81.1
1488,2013.0,Wisconsin,1.0,0.0,0.0,72.8
1489,2013.0,Wisconsin,0.0,1.0,0.0,65.1
1490,2013.0,Wisconsin,0.0,0.0,1.0,79.3
1491,2014.0,Wisconsin,1.0,0.0,0.0,70.9
1492,2014.0,Wisconsin,0.0,1.0,0.0,62.9
1493,2014.0,Wisconsin,0.0,0.0,1.0,77.9
1494,2015.0,Wisconsin,1.0,0.0,0.0,68.8
1495,2015.0,Wisconsin,0.0,1.0,0.0,61.3
1496,2015.0,Wisconsin,0.0,0.0,1.0,75.4
1497,2016.0,Wisconsin,1.0,0.0,0.0,79.4
1498,2016.0,Wisconsin,0.0,1.0,0.0,72.3
1499,2016.0,Wisconsin,0.0,0.0,1.0,85.1
1500,2007.0,Wyoming,1.0,0.0,0.0,58.7
1501,2007.0,Wyoming,0.0,1.0,0.0,51.4
1502,2007.0,Wyoming,0.0,0.0,1.0,65.6
1503,2008.0,Wyoming,1.0,0.0,0.0,56.2
1504,2008.0,Wyoming,0.0,1.0,0.0,49.5
1505,2008.0,Wyoming,0.0,0.0,1.0,62.7
1506,2009.0,Wyoming,1.0,0.0,0.0,43.6
1507,2009.0,Wyoming,0.0,1.0,0.0,36.9
1508,2009.0,Wyoming,0.0,0.0,1.0,50.4
1509,2010.0,Wyoming,1.0,0.0,0.0,52.0
1510,2010.0,Wyoming,0.0,1.0,0.0,44.2
1511,2010.0,Wyoming,0.0,0.0,1.0,59.7
1512,2011.0,Wyoming,1.0,0.0,0.0,59.1
1513,2011.0,Wyoming,0.0,1.0,0.0,49.4
1514,2011.0,Wyoming,0.0,0.0,1.0,68.2
1515,2012.0,Wyoming,1.0,0.0,0.0,67.2
1516,2012.0,Wyoming,0.0,1.0,0.0,60.0
1517,2012.0,Wyoming,0.0,0.0,1.0,73.6
1518,2013.0,Wyoming,1.0,0.0,0.0,70.0
1519,2013.0,Wyoming,0.0,1.0,0.0,61.8
1520,2013.0,Wyoming,0.0,0.0,1.0,77.1
1521,2014.0,Wyoming,1.0,0.0,0.0,64.0
1522,2014.0,Wyoming,0.0,1.0,0.0,54.3
1523,2014.0,Wyoming,0.0,0.0,1.0,72.6
1524,2015.0,Wyoming,1.0,0.0,0.0,73.3
1525,2015.0,Wyoming,0.0,1.0,0.0,65.6
1526,2015.0,Wyoming,0.0,0.0,1.0,79.8
1527,2016.0,Wyoming,1.0,0.0,0.0,62.8
1528,2016.0,Wyoming,0.0,1.0,0.0,55.7
1529,2016.0,Wyoming,0.0,0.0,1.0,69.4
1530,2007.0,United States,1.0,0.0,0.0,66.5
1531,2007.0,United States,0.0,1.0,0.0,65.2
1532,2007.0,United States,0.0,0.0,1.0,67.7
1533,2008.0,United States,1.0,0.0,0.0,68.4
1534,2008.0,United States,0.0,1.0,0.0,67.2
1535,2008.0,United States,0.0,0.0,1.0,69.6
1536,2009.0,United States,1.0,0.0,0.0,44.3
1537,2009.0,United States,0.0,1.0,0.0,42.9
1538,2009.0,United States,0.0,0.0,1.0,45.7
1539,2010.0,United States,1.0,0.0,0.0,56.6
1540,2010.0,United States,0.0,1.0,0.0,55.2
1541,2010.0,United States,0.0,0.0,1.0,57.9
1542,2011.0,United States,1.0,0.0,0.0,68.5
1543,2011.0,United States,0.0,1.0,0.0,67.3
1544,2011.0,United States,0.0,0.0,1.0,69.8
1545,2012.0,United States,1.0,0.0,0.0,68.4
1546,2012.0,United States,0.0,1.0,0.0,66.9
1547,2012.0,United States,0.0,0.0,1.0,69.7
1548,2013.0,United States,1.0,0.0,0.0,70.4
1549,2013.0,United States,0.0,1.0,0.0,68.8
1550,2013.0,United States,0.0,0.0,1.0,71.9
1551,2014.0,United States,1.0,0.0,0.0,71.6
1552,2014.0,United States,0.0,1.0,0.0,70.2
1553,2014.0,United States,0.0,0.0,1.0,73.1
1554,2015.0,United States,1.0,0.0,0.0,72.2
1555,2015.0,United States,0.0,1.0,0.0,70.9
1556,2015.0,United States,0.0,0.0,1.0,73.6
1557,2016.0,United States,1.0,0.0,0.0,70.7
1558,2016.0,United States,0.0,1.0,0.0,69.2
1559,2016.0,United States,0.0,0.0,1.0,72.2
